time_ms,I,II,III,aVR,aVL,aVF,V1,V2,V3,V4,V5,V6
0.0,-1,-1,0,0,0,-1,1,0,2,0,-1,-1
1.0,-1,-1,0,0,0,-1,1,0,2,0,-1,-1
2.0,-1,-1,0,0,0,-1,1,0,2,0,-1,-1
3.0,-1,-1,0,0,0,-1,1,0,2,0,-1,-1
4.0,-1,-1,0,0,0,-1,1,0,2,0,-1,-1
5.0,-1,-1,0,0,0,-1,1,0,2,0,-1,-1
6.0,-1,-1,0,0,0,-1,1,0,2,0,-1,-1
7.0,-1,-1,0,0,0,-1,1,0,2,0,-1,-1
8.0,-1,-1,0,0,0,-1,1,0,2,0,-1,-1
9.0,-1,-1,0,0,0,-1,1,0,2,0,-1,-1
10.0,-1,-1,0,0,0,-1,1,0,2,0,-1,-1
11.0,-1,-1,0,0,0,-1,1,0,2,0,-1,-1
12.0,-1,-1,0,0,0,-1,1,0,2,0,-1,-1
13.0,-1,-1,0,0,0,-1,1,0,2,0,-1,-1
14.0,-1,-1,0,0,0,-1,1,0,2,0,-1,-1
15.0,-1,-1,0,0,0,-1,1,0,2,0,-1,-1
16.0,-1,-1,0,0,0,-1,1,0,2,0,-1,-1
17.0,-1,-1,0,0,0,-1,1,0,2,0,-1,-1
18.0,-1,-1,0,0,0,-1,1,0,2,0,-1,-1
19.0,-1,-1,0,0,0,-1,1,0,2,0,-1,-1
20.0,-1,-1,0,0,0,-1,1,0,2,0,-1,-1
21.0,-1,-1,0,0,0,-1,1,0,2,0,-1,-1
22.0,-1,-1,0,0,0,-1,1,0,2,0,-1,-1
23.0,-1,-1,0,0,0,-1,1,0,2,0,-1,-1
24.0,-1,-1,0,0,0,-1,1,0,2,0,-1,-1
25.0,-1,-1,0,0,0,-1,1,0,2,0,-1,-1
26.0,-1,-1,0,0,0,-1,1,0,2,0,-1,-1
27.0,-1,-1,0,0,0,-1,1,0,2,0,-1,-1
28.0,-1,-1,0,0,0,-1,1,0,2,0,-1,-1
29.0,-1,-1,0,0,0,-1,1,0,2,0,-1,-1
30.0,-1,-1,0,0,0,-1,1,0,2,0,-1,-1
31.0,-1,-1,0,0,0,-1,1,0,2,0,-1,-1
32.0,0,-1,0,0,0,-1,1,0,2,0,-1,-1
33.0,0,-1,0,0,0,-1,1,0,2,0,-1,-1
34.0,0,-1,0,0,0,-1,1,0,2,0,-1,-1
35.0,0,-1,0,0,0,-1,1,0,2,0,-1,-1
36.0,0,-1,0,0,0,-1,1,0,2,0,-1,-1
37.0,0,-1,0,0,0,-1,1,0,2,0,-1,-1
38.0,0,-1,0,0,0,-1,1,0,2,0,-1,-1
39.0,0,-1,0,0,0,-1,1,0,2,0,-1,-1
40.0,0,-1,0,0,0,-1,1,0,2,0,-1,-1
41.0,0,-1,0,0,0,-1,1,0,2,0,-1,-1
42.0,0,-1,0,0,0,-1,1,0,2,0,-1,-1
43.0,0,-1,0,0,0,-1,1,0,2,0,-1,-1
44.0,0,-1,0,0,0,-1,1,0,2,0,-1,-1
45.0,0,-1,0,0,0,-1,1,0,2,0,-1,-1
46.0,0,-1,0,0,0,-1,1,0,2,0,-1,-1
47.0,0,-1,0,0,0,-1,1,0,2,0,-1,-1
48.0,0,-1,0,0,0,-1,1,0,2,0,-1,-1
49.0,0,-1,0,0,0,-1,1,0,2,0,-1,-1
50.0,0,-1,0,0,0,-1,1,0,2,0,-1,-1
51.0,0,-1,0,0,0,-1,1,0,2,0,-1,-1
52.0,0,-1,0,0,0,-1,1,0,2,0,-1,-1
53.0,0,-1,0,0,0,-1,1,0,2,0,-1,-1
54.0,0,-1,0,0,0,-1,1,0,2,0,-1,-1
55.0,0,-1,0,0,0,-1,1,0,2,0,-1,-1
56.0,0,-1,0,0,0,-1,1,0,2,0,-1,-1
57.0,0,-1,0,0,0,-1,1,0,2,0,-1,-1
58.0,0,-1,0,0,0,-1,1,0,2,0,-1,-1
59.0,0,-1,0,0,0,-1,1,0,2,0,-1,-1
60.0,0,-1,0,0,0,-1,1,0,2,0,-1,-1
61.0,0,-1,0,0,0,-1,1,0,2,0,-1,-1
62.0,0,-1,0,0,0,-1,1,0,2,0,-1,-1
63.0,0,-1,0,0,0,-1,1,0,2,0,-1,-1
64.0,0,-1,0,0,0,-1,1,0,2,0,-1,-1
65.0,0,-1,0,0,0,-1,1,0,2,0,-1,-1
66.0,0,-1,0,0,0,-1,1,0,2,0,-1,-1
67.0,0,-1,0,0,0,-1,1,0,2,0,-1,-1
68.0,0,-1,0,0,0,-1,1,0,2,0,-1,-1
69.0,0,-1,0,0,0,-1,1,0,2,0,-1,-1
70.0,0,-1,0,0,0,-1,1,0,2,0,-1,-1
71.0,0,-1,0,0,0,-1,1,0,2,0,-1,-1
72.0,0,-1,0,0,0,-1,1,0,2,0,-1,-1
73.0,0,-1,0,0,0,-1,1,0,2,0,-1,-1
74.0,0,-1,0,0,0,-1,1,0,2,0,-1,-1
75.0,0,-1,0,0,0,-1,1,0,2,0,-1,-1
76.0,0,-1,0,0,0,-1,1,0,2,0,-1,-1
77.0,0,-1,0,0,0,-1,1,0,2,0,-1,-1
78.0,0,-1,0,0,0,-1,1,0,2,0,-1,-1
79.0,0,-1,0,0,0,-1,1,0,2,0,-1,-1
80.0,0,-1,0,0,0,-1,1,0,2,0,-1,-1
81.0,0,-1,0,0,0,-1,1,0,2,0,-1,-1
82.0,0,-1,0,0,0,-1,1,0,2,0,-1,-1
83.0,0,-1,0,0,0,-1,1,0,2,0,-1,-1
84.0,0,-1,0,0,0,-1,1,0,2,0,-1,-1
85.0,0,-1,0,0,0,-1,1,0,2,0,-1,-1
86.0,0,-1,0,0,0,-1,1,0,2,0,-1,-1
87.0,0,-1,0,0,0,-1,1,0,2,0,-1,-1
88.0,0,-1,0,0,0,-1,1,0,2,0,-1,-1
89.0,0,-1,0,0,0,-1,1,0,2,0,-1,-1
90.0,0,-1,0,0,0,-1,1,0,2,0,-1,-1
91.0,0,-1,0,0,0,-1,1,0,2,0,-1,-1
92.0,0,-1,0,0,0,-1,1,0,2,0,-1,-1
93.0,0,-1,0,0,0,-1,1,0,2,0,-1,-1
94.0,0,-1,0,0,0,-1,1,0,2,0,-1,-1
95.0,0,-1,0,0,0,-1,1,0,2,0,-1,-1
96.0,0,-1,0,0,0,-1,1,0,2,0,-1,-1
97.0,0,-1,0,0,0,-1,1,0,2,0,-1,-1
98.0,0,-1,0,0,0,-1,1,0,2,0,-1,-1
99.0,0,-1,0,0,0,-1,1,0,2,0,-1,-1
100.0,0,-1,0,0,0,-1,1,0,2,0,-1,0
101.0,0,-1,0,0,0,-1,1,0,2,0,-1,0
102.0,0,0,0,0,0,-1,1,0,2,0,-1,0
103.0,0,0,0,0,0,-1,1,0,2,0,-1,0
104.0,0,0,0,0,0,-1,1,0,2,0,-1,0
105.0,0,0,0,0,0,-1,1,0,2,0,-1,0
106.0,0,0,0,0,0,-1,1,0,2,0,-1,0
107.0,0,0,0,0,0,-1,1,0,2,0,-1,-1
108.0,0,0,0,0,0,-1,1,0,2,0,-1,-1
109.0,0,0,0,0,0,-1,1,0,2,0,-1,0
110.0,0,0,0,0,0,-1,0,0,2,0,-1,0
111.0,0,0,0,0,0,0,0,0,2,0,-1,0
112.0,0,0,0,0,0,0,0,0,2,0,-1,0
113.0,0,0,0,0,0,0,0,0,2,0,-1,0
114.0,0,0,1,0,0,0,0,0,2,0,-1,0
115.0,0,0,1,0,0,0,0,0,2,0,-1,0
116.0,0,0,1,0,0,0,0,0,2,0,-1,0
117.0,0,0,1,0,0,0,0,0,2,0,-1,0
118.0,0,0,1,0,0,0,0,0,2,0,-1,0
119.0,0,0,1,0,0,0,0,0,2,0,-1,0
120.0,0,0,1,0,0,0,0,0,2,0,-1,0
121.0,0,0,1,0,0,0,0,0,2,0,-1,0
122.0,0,0,0,0,0,0,0,0,2,0,-1,0
123.0,0,0,0,0,0,0,0,0,2,0,-1,0
124.0,0,0,0,0,0,0,0,0,2,0,-1,0
125.0,0,0,0,0,0,0,0,0,2,0,-1,0
126.0,0,-1,0,0,0,-1,0,0,2,0,-1,0
127.0,0,-1,0,0,0,-1,0,0,2,0,-1,0
128.0,0,-1,0,0,0,-1,0,0,1,0,-1,0
129.0,0,-1,0,0,0,-1,0,0,1,0,-1,0
130.0,0,-1,0,0,0,-1,0,0,1,0,-1,0
131.0,0,-1,0,0,0,-1,0,0,1,0,-1,0
132.0,0,-1,0,0,0,-1,0,0,0,0,-1,0
133.0,1,-1,0,0,0,-1,0,0,0,0,0,1
134.0,1,-1,0,0,0,-1,0,0,0,0,0,1
135.0,1,-1,0,0,0,-1,-1,0,0,0,0,1
136.0,1,-1,0,0,0,-1,-1,0,0,0,0,1
137.0,1,-1,0,0,0,-1,-1,0,-1,0,0,1
138.0,2,0,0,-1,0,-1,-1,0,-1,0,0,2
139.0,2,0,0,-1,0,-1,-1,0,-1,0,0,2
140.0,2,0,0,-1,0,-1,-1,-1,-2,0,0,2
141.0,3,0,0,-1,1,-1,-2,-1,-2,0,0,2
142.0,3,0,0,-1,1,-1,-2,-1,-3,0,0,3
143.0,3,0,0,-1,1,-1,-2,-1,-3,0,1,3
144.0,3,0,0,-1,1,-1,-3,-1,-3,0,1,3
145.0,4,0,-1,-1,1,-1,-3,-1,-4,0,1,4
146.0,4,0,-1,-1,1,-1,-3,-1,-4,0,1,4
147.0,4,0,-1,-2,2,-1,-4,-1,-4,0,1,4
148.0,4,1,-1,-2,2,-1,-4,-2,-5,0,1,5
149.0,5,1,-1,-2,2,-1,-4,-2,-5,0,2,5
150.0,5,1,-1,-2,2,-1,-4,-2,-5,0,2,6
151.0,5,1,-1,-2,2,-1,-5,-2,-5,0,2,6
152.0,6,1,-2,-2,2,-1,-5,-2,-5,0,2,6
153.0,6,1,-2,-2,3,-1,-5,-2,-5,0,3,7
154.0,6,1,-2,-3,3,-1,-5,-2,-6,0,3,7
155.0,7,1,-2,-3,3,-1,-6,-2,-6,0,3,8
156.0,7,1,-2,-3,3,-1,-6,-2,-6,0,3,8
157.0,8,1,-3,-3,4,-1,-6,-2,-6,0,4,9
158.0,8,1,-3,-3,4,-1,-6,-2,-6,0,4,9
159.0,9,2,-3,-3,4,-1,-7,-2,-6,0,4,10
160.0,9,2,-3,-4,4,-1,-7,-2,-6,0,5,10
161.0,9,2,-4,-4,5,-1,-7,-2,-6,0,5,11
162.0,10,2,-4,-4,5,-1,-7,-2,-6,0,6,11
163.0,10,2,-4,-4,5,-1,-8,-2,-6,0,6,11
164.0,10,2,-4,-5,6,-1,-8,-2,-6,0,6,12
165.0,11,3,-4,-5,6,-1,-8,-2,-6,0,7,12
166.0,11,3,-5,-5,6,-2,-8,-2,-6,0,7,13
167.0,12,3,-5,-5,6,-2,-9,-2,-6,1,8,13
168.0,12,4,-5,-6,7,-1,-9,-2,-6,1,8,14
169.0,12,4,-5,-6,7,-1,-9,-2,-6,1,9,14
170.0,13,5,-5,-6,7,-1,-10,-2,-6,1,9,15
171.0,13,6,-5,-7,7,-1,-10,-3,-6,2,10,15
172.0,13,6,-5,-7,7,-1,-11,-3,-6,2,10,16
173.0,14,7,-5,-7,7,-1,-11,-3,-6,3,11,17
174.0,14,8,-5,-8,7,-1,-12,-4,-6,3,11,17
175.0,14,9,-4,-8,7,-1,-12,-4,-5,4,12,18
176.0,14,10,-4,-9,8,0,-13,-4,-4,4,13,19
177.0,15,11,-4,-9,8,0,-13,-4,-4,5,14,20
178.0,15,12,-4,-9,8,0,-14,-4,-3,6,15,20
179.0,16,13,-3,-10,8,1,-14,-5,-3,6,15,21
180.0,16,13,-3,-10,8,1,-14,-5,-2,7,16,22
181.0,17,15,-3,-11,8,2,-15,-5,-2,8,18,24
182.0,17,15,-3,-11,8,2,-15,-5,-1,9,18,24
183.0,17,16,-3,-12,8,2,-15,-5,-1,9,19,25
184.0,18,16,-2,-12,8,3,-15,-5,-1,10,20,26
185.0,18,17,-2,-13,8,3,-16,-5,0,11,21,27
186.0,19,17,-2,-13,8,3,-16,-5,0,11,22,28
187.0,19,17,-2,-14,9,4,-16,-5,0,12,23,29
188.0,20,17,-2,-14,9,4,-16,-4,1,12,24,30
189.0,20,16,-2,-14,9,4,-15,-4,1,13,25,31
190.0,20,16,-3,-15,9,4,-15,-3,2,13,26,31
191.0,21,15,-3,-15,10,4,-14,-3,2,13,27,32
192.0,21,14,-3,-15,10,3,-14,-2,2,13,27,32
193.0,21,13,-4,-15,10,3,-13,-2,2,14,28,33
194.0,22,12,-4,-15,11,3,-12,-1,2,13,29,33
195.0,22,10,-5,-15,11,2,-12,-1,2,13,29,34
196.0,22,9,-6,-15,12,2,-11,0,1,13,30,34
197.0,22,8,-6,-15,12,1,-10,0,1,13,30,35
198.0,23,6,-7,-15,13,0,-10,0,0,12,31,35
199.0,23,5,-8,-15,14,0,-9,1,0,12,31,36
200.0,23,3,-10,-14,14,-1,-8,1,-1,12,32,36
201.0,23,1,-10,-14,15,-1,-7,1,-2,11,32,36
202.0,23,0,-11,-14,16,-2,-7,2,-2,10,32,37
203.0,23,-1,-13,-14,16,-3,-6,2,-3,10,33,37
204.0,23,-2,-14,-13,17,-5,-5,3,-3,9,33,38
205.0,23,-4,-15,-13,18,-5,-5,3,-4,8,33,38
206.0,23,-5,-16,-12,18,-6,-4,3,-4,8,34,38
207.0,23,-7,-17,-12,19,-7,-3,4,-4,7,34,39
208.0,23,-9,-19,-11,20,-9,-2,4,-5,6,34,39
209.0,23,-10,-20,-11,20,-10,-2,4,-6,5,34,39
210.0,23,-12,-21,-10,21,-11,-1,5,-6,4,34,39
211.0,23,-13,-22,-10,21,-12,0,5,-7,3,34,39
212.0,22,-14,-24,-9,22,-14,1,5,-8,2,34,39
213.0,22,-15,-24,-9,23,-14,1,5,-9,1,34,39
214.0,22,-16,-25,-8,23,-15,1,5,-10,0,34,39
215.0,22,-18,-26,-8,24,-17,1,5,-10,0,33,39
216.0,21,-19,-27,-7,24,-18,2,5,-11,-1,33,39
217.0,21,-20,-28,-6,25,-19,2,5,-12,-2,32,38
218.0,21,-21,-29,-6,25,-20,3,5,-12,-3,32,38
219.0,20,-22,-30,-5,25,-21,3,5,-13,-4,31,37
220.0,19,-23,-31,-4,26,-22,4,5,-14,-5,31,36
221.0,19,-24,-32,-4,26,-23,4,5,-14,-6,30,36
222.0,19,-25,-33,-3,26,-24,5,5,-15,-7,30,35
223.0,18,-25,-33,-3,27,-24,5,5,-15,-8,29,34
224.0,18,-26,-34,-2,27,-25,6,5,-15,-9,28,33
225.0,17,-27,-35,-1,27,-26,6,5,-16,-10,27,32
226.0,17,-28,-36,-1,27,-27,7,5,-16,-11,26,31
227.0,16,-30,-37,0,28,-28,8,5,-16,-12,25,30
228.0,16,-31,-38,0,28,-29,8,5,-16,-13,24,29
229.0,16,-31,-38,0,28,-30,8,5,-16,-14,24,28
230.0,15,-32,-39,1,28,-31,9,5,-16,-14,23,27
231.0,15,-33,-40,2,28,-32,9,6,-16,-15,21,26
232.0,15,-33,-40,2,28,-32,9,6,-16,-16,21,25
233.0,14,-33,-40,2,29,-33,9,5,-16,-16,20,24
234.0,14,-33,-41,3,29,-33,9,5,-15,-17,19,23
235.0,14,-33,-41,4,29,-34,9,5,-15,-17,18,22
236.0,14,-33,-41,4,29,-34,9,5,-15,-18,17,21
237.0,13,-33,-41,4,29,-34,9,5,-14,-18,16,21
238.0,13,-33,-42,5,29,-35,9,5,-14,-18,15,20
239.0,13,-32,-42,5,28,-35,8,5,-13,-18,14,18
240.0,13,-32,-42,5,28,-35,8,5,-13,-18,14,18
241.0,12,-32,-42,5,28,-35,8,5,-12,-18,13,17
242.0,12,-31,-41,6,28,-35,8,5,-11,-18,12,16
243.0,12,-30,-41,6,28,-35,7,4,-10,-18,11,15
244.0,12,-30,-41,6,27,-35,7,4,-9,-18,11,15
245.0,11,-29,-41,6,27,-35,7,4,-9,-18,10,14
246.0,11,-28,-40,6,27,-34,6,4,-8,-18,10,13
247.0,11,-27,-40,6,26,-34,6,4,-6,-17,9,12
248.0,11,-26,-39,6,26,-34,5,4,-6,-17,9,12
249.0,10,-25,-39,6,26,-33,5,4,-5,-17,8,11
250.0,10,-24,-38,6,25,-33,5,4,-5,-16,8,11
251.0,10,-23,-37,6,24,-32,4,3,-4,-16,7,10
252.0,10,-22,-37,6,24,-32,4,3,-3,-15,7,10
253.0,9,-21,-36,6,24,-31,4,3,-3,-15,6,9
254.0,9,-20,-35,6,23,-30,4,3,-2,-14,5,8
255.0,8,-20,-34,6,23,-30,3,3,-1,-14,5,7
256.0,8,-19,-33,5,22,-29,3,3,-1,-13,5,7
257.0,8,-18,-32,5,21,-28,3,3,0,-13,4,6
258.0,7,-16,-31,5,20,-27,3,3,0,-12,3,5
259.0,6,-16,-30,5,20,-26,3,3,1,-12,3,4
260.0,6,-15,-30,5,19,-26,3,3,1,-11,3,4
261.0,6,-14,-29,5,19,-25,3,3,1,-11,2,3
262.0,5,-13,-27,5,18,-24,3,2,2,-10,1,2
263.0,4,-13,-26,5,17,-23,3,2,2,-10,1,2
264.0,4,-12,-25,4,16,-22,3,2,2,-10,1,1
265.0,3,-11,-24,4,16,-21,3,2,2,-9,0,0
266.0,2,-10,-23,4,14,-20,3,2,2,-9,-1,-1
267.0,2,-10,-21,4,14,-19,3,2,2,-8,-1,-1
268.0,1,-9,-21,4,13,-19,3,2,2,-8,-1,-2
269.0,1,-9,-20,4,12,-18,3,2,2,-8,-1,-2
270.0,0,-8,-18,4,11,-17,3,2,3,-7,-2,-3
271.0,0,-8,-17,4,11,-16,3,2,3,-7,-2,-4
272.0,0,-7,-16,4,10,-15,3,2,3,-7,-2,-4
273.0,-1,-7,-15,4,9,-14,3,1,3,-7,-3,-5
274.0,-2,-6,-14,4,8,-13,4,1,4,-6,-4,-6
275.0,-2,-6,-13,4,7,-13,4,1,4,-6,-4,-7
276.0,-3,-5,-12,4,7,-12,4,1,4,-6,-4,-7
277.0,-3,-5,-10,4,5,-11,4,1,5,-5,-5,-8
278.0,-4,-4,-9,4,5,-10,4,1,5,-5,-5,-9
279.0,-4,-4,-9,4,4,-10,4,1,5,-5,-6,-9
280.0,-5,-4,-8,4,4,-9,4,1,5,-5,-6,-10
281.0,-5,-3,-6,4,3,-8,5,1,5,-4,-7,-10
282.0,-6,-3,-5,4,2,-7,5,1,5,-4,-7,-11
283.0,-6,-3,-5,4,1,-7,5,1,5,-4,-7,-11
284.0,-6,-3,-4,4,1,-6,5,1,6,-4,-8,-11
285.0,-7,-2,-3,4,0,-5,5,1,6,-3,-8,-12
286.0,-7,-2,-2,4,0,-5,5,1,6,-3,-8,-12
287.0,-7,-2,-2,4,0,-4,5,1,6,-3,-9,-12
288.0,-7,-2,-1,4,-1,-4,5,1,6,-3,-9,-12
289.0,-8,-2,0,4,-1,-3,5,1,6,-3,-9,-13
290.0,-8,-2,0,4,-2,-3,5,1,6,-2,-10,-13
291.0,-8,-2,0,4,-2,-2,5,1,6,-2,-10,-13
292.0,-8,-2,0,4,-2,-2,5,1,6,-2,-10,-13
293.0,-8,-2,1,4,-3,-1,5,1,6,-2,-10,-13
294.0,-8,-2,2,4,-3,-1,5,1,6,-2,-10,-13
295.0,-8,-2,2,4,-4,-1,5,1,7,-2,-10,-13
296.0,-8,-1,3,4,-4,-1,5,1,7,-2,-11,-14
297.0,-8,-1,3,4,-5,-1,6,1,7,-2,-11,-14
298.0,-8,-1,4,4,-5,-1,6,1,7,-1,-11,-14
299.0,-9,-1,4,4,-5,-1,6,1,7,-1,-11,-14
300.0,-9,-1,4,4,-5,0,6,1,7,-1,-11,-14
301.0,-9,-1,5,4,-6,0,6,1,7,-1,-12,-14
302.0,-9,-1,5,4,-6,0,6,1,7,-1,-12,-14
303.0,-9,-1,5,4,-6,0,6,1,7,-1,-12,-14
304.0,-9,-1,6,4,-7,1,6,1,7,-1,-12,-14
305.0,-9,-1,6,4,-7,1,6,1,7,-1,-12,-14
306.0,-9,-1,6,4,-7,1,6,1,7,-1,-12,-14
307.0,-9,-1,6,4,-7,1,6,1,7,-1,-12,-14
308.0,-9,-1,7,4,-7,2,6,1,7,-1,-12,-14
309.0,-9,-1,7,4,-8,2,6,1,7,0,-12,-14
310.0,-9,-1,7,4,-8,2,6,1,7,0,-12,-14
311.0,-9,-1,7,4,-8,2,6,1,7,0,-12,-14
312.0,-9,-1,8,4,-8,2,5,1,7,0,-12,-14
313.0,-9,-1,8,4,-8,2,5,1,7,0,-13,-15
314.0,-9,-1,8,4,-8,2,5,1,7,0,-13,-15
315.0,-9,-1,8,4,-8,3,5,1,7,0,-13,-15
316.0,-9,-1,8,4,-8,3,5,1,8,0,-13,-15
317.0,-9,-1,8,4,-8,3,5,1,8,0,-13,-15
318.0,-9,-1,8,4,-8,3,5,1,8,0,-13,-15
319.0,-9,-1,9,4,-9,3,5,1,8,0,-13,-15
320.0,-9,-1,9,4,-9,3,5,1,8,0,-13,-15
321.0,-9,-1,9,4,-9,3,5,1,8,0,-13,-15
322.0,-9,-1,9,4,-9,3,5,1,8,0,-13,-15
323.0,-9,0,9,4,-9,3,5,1,8,0,-13,-15
324.0,-9,0,9,4,-9,3,5,1,8,0,-13,-15
325.0,-9,0,9,4,-9,4,5,1,7,0,-13,-15
326.0,-9,0,9,4,-9,4,5,1,7,0,-13,-15
327.0,-9,0,9,4,-9,4,5,1,7,0,-13,-15
328.0,-9,0,9,4,-9,4,5,1,7,0,-13,-15
329.0,-9,0,10,4,-9,4,5,1,7,0,-13,-15
330.0,-9,-1,10,4,-9,4,5,1,7,0,-13,-15
331.0,-9,-1,10,4,-9,4,5,1,7,0,-13,-15
332.0,-9,-1,10,4,-9,4,5,1,7,0,-13,-15
333.0,-9,-1,10,4,-9,4,5,1,7,0,-13,-15
334.0,-9,-1,10,4,-9,4,5,1,7,0,-13,-15
335.0,-9,-1,10,4,-9,4,5,1,7,0,-13,-15
336.0,-9,-1,10,4,-9,4,5,1,7,0,-13,-15
337.0,-9,-1,10,4,-9,4,5,1,7,0,-13,-15
338.0,-9,-1,10,4,-9,4,5,1,7,0,-13,-15
339.0,-9,-1,10,4,-9,4,5,1,7,0,-13,-15
340.0,-9,-1,10,4,-9,4,5,1,7,0,-13,-15
341.0,-9,-1,10,4,-9,4,5,1,7,0,-13,-15
342.0,-9,-1,10,4,-9,4,5,1,7,0,-13,-15
343.0,-9,-1,10,4,-9,4,5,1,7,0,-13,-15
344.0,-9,-1,10,4,-9,4,5,1,7,0,-13,-15
345.0,-9,-1,10,4,-9,4,5,1,7,0,-13,-15
346.0,-9,-1,10,4,-9,4,5,1,7,0,-13,-15
347.0,-9,-1,10,4,-9,4,5,1,7,0,-13,-15
348.0,-9,-1,10,4,-9,4,5,1,6,0,-13,-15
349.0,-9,-1,10,4,-9,4,5,1,6,0,-13,-15
350.0,-9,-1,10,4,-9,4,5,1,6,0,-13,-15
351.0,-9,-1,10,4,-9,4,5,1,6,0,-13,-15
352.0,-9,-1,9,4,-9,4,5,1,6,0,-13,-15
353.0,-9,-1,9,4,-9,4,5,1,6,0,-13,-15
354.0,-9,-1,9,4,-9,4,5,1,6,0,-13,-15
355.0,-9,-1,9,4,-9,4,5,1,6,0,-13,-15
356.0,-9,-1,9,4,-9,4,5,1,6,0,-13,-15
357.0,-9,-1,9,4,-9,4,5,1,6,0,-13,-15
358.0,-9,-1,9,4,-9,4,5,1,7,0,-13,-15
359.0,-9,-1,9,4,-9,3,5,1,7,0,-13,-15
360.0,-9,-1,9,4,-9,3,5,1,6,0,-13,-15
361.0,-9,-1,9,4,-9,3,5,1,6,0,-13,-15
362.0,-9,-1,9,4,-9,3,5,1,6,0,-14,-15
363.0,-9,-1,9,4,-9,3,5,1,6,0,-14,-15
364.0,-9,-1,9,4,-9,3,5,1,6,0,-14,-15
365.0,-9,-1,9,4,-9,3,5,1,6,0,-14,-15
366.0,-9,-1,9,4,-9,3,5,1,6,0,-14,-15
367.0,-9,-1,9,4,-9,3,5,1,6,0,-14,-15
368.0,-9,-1,9,4,-9,3,5,1,6,0,-14,-15
369.0,-9,-1,9,4,-9,3,5,1,6,0,-14,-15
370.0,-9,-1,9,4,-9,3,5,1,7,0,-14,-15
371.0,-9,-1,9,4,-9,3,5,1,7,0,-14,-15
372.0,-9,-1,9,4,-9,3,5,1,7,0,-14,-15
373.0,-9,-1,9,4,-9,3,5,1,6,0,-14,-15
374.0,-9,-1,9,4,-9,3,5,1,6,0,-14,-15
375.0,-9,-1,9,4,-9,3,5,1,6,0,-14,-15
376.0,-9,-1,9,4,-9,3,5,1,6,0,-14,-15
377.0,-9,-1,9,4,-9,3,5,1,7,0,-14,-15
378.0,-9,-1,9,4,-9,3,5,1,7,0,-14,-15
379.0,-9,-1,9,4,-9,3,5,1,7,0,-14,-15
380.0,-9,-1,9,4,-9,3,5,1,7,0,-14,-15
381.0,-9,-1,9,4,-9,3,5,1,6,0,-13,-15
382.0,-9,-1,9,4,-9,3,5,1,6,0,-13,-15
383.0,-9,-1,9,4,-9,3,5,1,6,0,-13,-15
384.0,-8,-1,9,4,-9,3,5,1,6,0,-13,-15
385.0,-8,-1,9,4,-9,3,5,1,6,0,-13,-15
386.0,-8,-1,9,4,-9,3,5,1,6,0,-13,-15
387.0,-9,-1,9,4,-9,3,5,1,7,0,-13,-15
388.0,-9,-1,9,4,-9,3,5,1,7,0,-13,-15
389.0,-9,-1,9,4,-9,3,5,0,7,0,-13,-15
390.0,-9,-1,9,4,-9,3,4,0,7,0,-13,-15
391.0,-9,-1,9,4,-9,3,4,0,7,0,-13,-15
392.0,-9,-1,9,4,-9,3,4,0,7,0,-13,-15
393.0,-9,-1,9,4,-9,3,4,0,7,0,-13,-15
394.0,-9,-1,9,4,-9,3,5,0,7,0,-13,-15
395.0,-9,-1,9,4,-9,3,5,0,7,0,-13,-15
396.0,-9,-1,9,4,-9,3,5,0,7,0,-13,-15
397.0,-9,-1,9,4,-9,3,5,0,7,0,-13,-15
398.0,-9,-1,9,4,-9,3,5,0,7,0,-13,-15
399.0,-8,-1,9,4,-9,3,5,0,7,0,-13,-15
400.0,-8,-1,9,4,-9,3,5,1,7,0,-13,-15
401.0,-8,-1,9,4,-9,3,5,1,7,0,-13,-15
402.0,-8,-1,9,4,-9,3,5,1,7,0,-13,-15
403.0,-9,-1,9,4,-9,3,5,1,7,0,-13,-15
404.0,-9,-1,9,4,-9,3,5,1,7,0,-13,-15
405.0,-9,-1,9,4,-9,3,5,1,8,0,-13,-15
406.0,-9,-1,9,4,-9,3,5,1,8,0,-13,-15
407.0,-9,-1,9,4,-9,3,5,1,8,0,-13,-15
408.0,-9,-1,9,4,-9,3,5,1,8,0,-13,-15
409.0,-9,-1,9,4,-9,3,5,1,8,0,-13,-15
410.0,-9,-1,9,4,-9,3,5,1,8,0,-13,-15
411.0,-9,-1,9,4,-9,3,5,1,8,0,-13,-15
412.0,-9,-1,9,4,-9,3,5,1,8,0,-13,-15
413.0,-9,-1,9,4,-9,3,5,1,8,0,-13,-15
414.0,-9,-1,9,4,-9,3,6,1,8,0,-13,-15
415.0,-9,-1,9,4,-9,3,6,1,8,0,-13,-15
416.0,-9,-1,9,4,-9,3,6,1,8,0,-13,-15
417.0,-9,-1,9,4,-9,4,6,2,9,0,-13,-15
418.0,-9,-1,9,4,-9,4,6,2,9,0,-13,-15
419.0,-9,-1,9,4,-9,4,6,2,9,0,-13,-15
420.0,-9,-1,9,4,-9,4,6,2,9,0,-13,-15
421.0,-9,-1,9,4,-9,4,6,2,9,0,-13,-15
422.0,-9,0,9,4,-9,4,6,2,9,0,-13,-15
423.0,-9,0,9,4,-9,4,6,2,9,0,-13,-15
424.0,-9,0,9,4,-9,4,6,2,9,0,-13,-15
425.0,-9,-1,9,4,-9,4,6,2,9,0,-13,-15
426.0,-9,-1,9,4,-9,4,6,2,10,0,-13,-15
427.0,-9,-1,9,4,-9,4,6,2,10,0,-13,-15
428.0,-9,-1,9,4,-9,4,6,2,10,0,-13,-15
429.0,-9,-1,9,4,-9,4,6,2,10,0,-13,-15
430.0,-9,-1,9,4,-9,4,6,2,10,0,-13,-15
431.0,-9,-1,9,4,-9,4,6,2,11,0,-13,-15
432.0,-9,-1,9,4,-9,4,6,3,11,0,-13,-15
433.0,-9,-1,9,4,-9,4,7,3,11,0,-13,-15
434.0,-9,-1,9,4,-9,4,7,3,11,0,-13,-15
435.0,-9,-1,9,4,-9,4,7,3,11,0,-13,-15
436.0,-9,-1,9,4,-9,4,7,3,11,0,-13,-15
437.0,-9,-1,10,4,-9,4,7,3,12,0,-13,-15
438.0,-9,-1,10,4,-9,4,7,3,12,1,-13,-15
439.0,-9,-1,10,4,-9,4,7,3,12,1,-13,-15
440.0,-9,-1,10,4,-9,4,7,3,12,1,-13,-15
441.0,-9,-1,10,4,-9,4,7,3,12,1,-13,-16
442.0,-10,-1,10,4,-9,4,7,3,13,1,-13,-16
443.0,-10,-1,10,4,-9,4,7,3,13,1,-13,-16
444.0,-10,-1,10,4,-9,4,7,4,13,1,-13,-16
445.0,-9,-1,10,4,-9,4,7,4,13,1,-13,-16
446.0,-10,-1,10,4,-9,4,8,4,14,1,-13,-16
447.0,-10,-1,10,4,-9,4,8,4,14,1,-13,-16
448.0,-10,-1,10,4,-9,4,8,4,14,1,-13,-16
449.0,-10,-1,10,4,-9,4,8,4,14,1,-13,-16
450.0,-10,-1,10,4,-9,4,8,4,14,2,-13,-16
451.0,-10,-1,10,4,-9,4,8,4,15,2,-13,-16
452.0,-10,-1,10,4,-9,4,8,4,15,2,-13,-16
453.0,-10,-1,10,4,-9,4,8,4,15,2,-13,-16
454.0,-10,-1,10,4,-9,4,8,4,15,2,-13,-16
455.0,-10,-1,10,4,-9,4,8,4,16,2,-13,-16
456.0,-10,-1,10,4,-9,4,8,5,16,2,-13,-16
457.0,-10,-1,10,4,-9,4,8,5,16,2,-13,-16
458.0,-10,-1,10,4,-9,4,9,5,16,2,-13,-16
459.0,-10,-1,10,4,-9,4,9,5,17,3,-13,-16
460.0,-10,-1,10,4,-10,4,9,5,17,3,-13,-16
461.0,-10,-1,10,4,-10,4,9,5,17,3,-13,-16
462.0,-10,-1,10,4,-10,4,9,5,17,3,-13,-16
463.0,-10,-1,10,4,-10,4,9,5,18,3,-13,-16
464.0,-10,-1,10,4,-10,4,9,5,18,3,-13,-16
465.0,-10,-1,10,4,-10,4,9,5,18,3,-13,-16
466.0,-10,-1,10,4,-10,4,9,5,18,3,-13,-16
467.0,-10,-1,10,4,-10,4,9,5,18,3,-13,-16
468.0,-10,-1,10,4,-10,4,9,5,19,4,-13,-16
469.0,-10,-1,10,4,-10,4,9,5,19,4,-13,-16
470.0,-10,-1,10,4,-10,4,9,5,19,4,-13,-16
471.0,-10,-1,10,4,-10,4,9,6,19,4,-13,-16
472.0,-10,-1,10,4,-10,4,9,6,20,4,-13,-16
473.0,-10,-1,10,4,-10,4,9,6,20,4,-13,-16
474.0,-10,-1,10,4,-10,4,10,6,20,4,-13,-16
475.0,-10,-1,10,4,-10,4,10,6,20,4,-13,-16
476.0,-10,-1,10,4,-10,4,10,6,20,5,-13,-16
477.0,-10,-1,10,4,-10,4,10,6,20,5,-13,-16
478.0,-10,-1,10,4,-10,4,10,6,20,5,-13,-16
479.0,-10,-1,10,4,-10,4,10,6,20,5,-13,-16
480.0,-10,-1,10,4,-10,4,10,6,20,5,-13,-16
481.0,-10,-1,10,4,-10,4,10,6,20,5,-13,-16
482.0,-10,-1,10,4,-10,4,10,6,21,5,-13,-16
483.0,-10,-1,10,4,-10,4,10,6,21,5,-13,-16
484.0,-10,-1,10,4,-10,4,10,6,21,6,-13,-16
485.0,-10,0,10,4,-10,4,10,6,21,6,-13,-16
486.0,-10,0,10,4,-10,4,10,6,21,6,-13,-16
487.0,-10,0,10,4,-10,4,10,6,21,6,-13,-16
488.0,-10,0,10,4,-10,4,10,6,21,6,-13,-16
489.0,-10,0,10,4,-10,4,10,6,21,6,-12,-16
490.0,-10,0,10,4,-10,4,10,6,21,6,-12,-16
491.0,-10,0,10,4,-10,4,10,6,21,6,-12,-16
492.0,-10,0,10,4,-10,4,10,6,21,6,-12,-16
493.0,-10,0,10,4,-10,4,10,6,21,7,-12,-16
494.0,-10,0,10,4,-10,4,10,6,21,7,-12,-16
495.0,-10,0,10,4,-10,5,9,6,21,7,-12,-16
496.0,-10,0,11,4,-10,5,9,6,21,7,-12,-16
497.0,-9,0,11,4,-10,5,9,6,21,7,-12,-15
498.0,-9,0,11,4,-10,5,9,6,21,7,-12,-15
499.0,-9,0,11,4,-10,5,9,6,21,7,-12,-15
500.0,-9,0,11,4,-10,5,9,5,21,7,-12,-15
501.0,-9,0,11,4,-10,5,9,5,21,7,-11,-15
502.0,-9,0,10,4,-10,5,9,5,20,7,-11,-15
503.0,-9,0,10,4,-10,5,9,5,20,7,-11,-14
504.0,-9,0,10,4,-10,5,9,5,20,8,-11,-14
505.0,-9,0,10,4,-10,5,9,5,20,8,-11,-14
506.0,-9,0,10,3,-10,5,8,5,19,8,-11,-14
507.0,-9,0,10,3,-10,5,8,5,19,8,-11,-14
508.0,-8,0,10,3,-9,5,8,5,19,8,-11,-14
509.0,-8,0,10,3,-9,5,8,5,18,8,-10,-13
510.0,-8,1,10,3,-9,5,8,4,18,8,-10,-13
511.0,-8,1,10,3,-9,5,7,4,18,8,-10,-13
512.0,-8,1,10,3,-9,5,7,4,18,8,-10,-13
513.0,-7,1,10,3,-9,5,7,4,17,8,-10,-13
514.0,-7,1,10,3,-9,5,7,4,17,8,-10,-12
515.0,-7,1,10,3,-9,5,7,4,17,8,-9,-12
516.0,-7,1,10,3,-9,5,6,4,16,8,-9,-12
517.0,-6,1,10,3,-9,5,6,4,16,8,-9,-11
518.0,-6,1,9,2,-8,5,6,3,16,8,-9,-11
519.0,-6,2,9,2,-8,5,5,3,15,8,-9,-11
520.0,-5,2,9,2,-8,5,5,3,15,8,-8,-11
521.0,-5,2,9,2,-8,5,5,3,15,8,-8,-10
522.0,-5,2,9,2,-8,5,4,3,14,8,-8,-10
523.0,-5,2,9,2,-8,5,4,2,14,8,-8,-10
524.0,-5,2,9,2,-8,5,4,2,13,8,-7,-9
525.0,-4,3,9,1,-7,5,4,2,13,8,-7,-9
526.0,-4,3,9,1,-7,5,3,1,13,8,-7,-9
527.0,-4,3,9,1,-7,5,3,1,12,8,-7,-8
528.0,-4,3,9,1,-7,5,3,1,12,8,-6,-8
529.0,-4,3,9,1,-7,5,2,1,11,8,-6,-7
530.0,-4,3,9,1,-7,5,2,1,11,8,-6,-7
531.0,-3,3,8,0,-7,5,2,0,10,8,-6,-7
532.0,-3,3,8,0,-7,5,2,0,10,8,-5,-6
533.0,-3,3,8,0,-6,5,1,0,10,8,-5,-6
534.0,-3,3,8,0,-6,5,1,0,9,8,-5,-6
535.0,-3,4,8,0,-6,5,1,0,8,8,-5,-5
536.0,-2,4,8,0,-6,5,1,0,8,7,-4,-5
537.0,-2,4,8,0,-6,5,1,0,8,7,-4,-5
538.0,-2,4,8,0,-6,5,1,0,7,7,-4,-4
539.0,-2,4,8,0,-6,5,1,0,7,7,-4,-4
540.0,-2,4,8,0,-5,5,1,0,7,7,-3,-4
541.0,-2,4,7,0,-5,5,1,0,6,7,-3,-4
542.0,-1,3,7,0,-5,5,1,0,6,7,-3,-3
543.0,-1,3,7,0,-5,4,1,0,5,7,-3,-3
544.0,-1,3,7,0,-5,4,1,0,5,7,-3,-3
545.0,-1,3,7,0,-5,4,0,0,5,6,-2,-3
546.0,-1,3,7,0,-4,4,0,0,4,6,-2,-3
547.0,-1,3,6,0,-4,4,0,-1,4,6,-2,-2
548.0,-1,3,6,0,-4,4,0,-1,4,6,-2,-2
549.0,-1,3,6,0,-4,4,0,-1,3,6,-2,-2
550.0,0,2,6,0,-4,4,0,-1,3,6,-1,-2
551.0,0,2,6,-1,-4,4,0,-1,3,5,-1,-1
552.0,0,2,6,-1,-3,4,0,-1,3,5,-1,-1
553.0,0,2,5,-1,-3,3,0,-1,3,5,-1,-1
554.0,0,2,5,-1,-3,3,0,-1,2,5,-1,-1
555.0,0,2,5,-1,-3,3,0,-1,2,5,-1,-1
556.0,0,2,5,-1,-3,3,0,-1,2,5,-1,-1
557.0,0,2,5,-1,-3,3,0,-1,2,5,-1,-1
558.0,0,2,4,-1,-2,3,-1,-1,2,4,-1,-1
559.0,0,2,4,-1,-2,3,-1,-1,2,4,-1,-1
560.0,0,2,4,-1,-2,3,-1,-1,2,4,-1,-1
561.0,0,2,4,-1,-2,3,-1,-1,2,4,-1,-1
562.0,0,2,4,-1,-2,2,-1,-1,2,4,-1,-1
563.0,0,2,4,-1,-2,2,-1,-1,2,4,-1,-1
564.0,0,2,4,-1,-2,2,-1,-1,1,4,-1,-1
565.0,0,2,4,-1,-2,2,-1,-1,1,4,0,-1
566.0,0,2,3,-1,-2,2,-1,-1,1,3,0,-1
567.0,0,2,3,-1,-2,2,-1,-2,1,3,0,0
568.0,0,2,3,-1,-1,2,-1,-2,1,3,0,0
569.0,0,2,3,-1,-1,2,-1,-2,0,3,0,0
570.0,0,2,3,-1,-1,2,-1,-2,0,3,0,0
571.0,0,2,3,-1,-1,2,-1,-2,0,3,0,0
572.0,0,2,3,-1,-1,2,-1,-2,0,3,0,0
573.0,0,2,3,-1,-1,2,-1,-2,0,2,0,0
574.0,0,2,3,-1,-1,2,-1,-2,0,2,0,0
575.0,0,2,2,-1,-1,2,-1,-2,0,2,0,0
576.0,0,2,2,-1,-1,2,-1,-2,0,2,0,0
577.0,0,2,2,-1,-1,1,-1,-2,0,2,0,0
578.0,0,2,2,-1,-1,1,-1,-2,0,2,0,0
579.0,0,2,2,-1,-1,1,-1,-2,0,2,1,0
580.0,0,2,2,-1,-1,1,-1,-2,0,2,1,1
581.0,0,1,2,-1,0,1,-1,-2,0,2,1,1
582.0,0,1,2,-1,0,1,-1,-2,-1,2,1,1
583.0,0,1,2,-1,0,1,-1,-2,-1,1,1,1
584.0,0,1,2,-1,0,1,-1,-2,-1,1,1,1
585.0,0,1,2,-1,0,1,-1,-2,-1,1,1,1
586.0,0,1,2,-1,0,1,-1,-2,-1,1,1,1
587.0,0,1,2,-1,0,1,-1,-2,-1,1,1,1
588.0,0,1,2,-1,0,1,-1,-2,-1,1,1,1
589.0,0,1,1,-1,0,1,-1,-2,-1,1,1,1
590.0,0,1,1,-1,0,1,-1,-2,-1,1,1,1
591.0,0,1,1,-1,0,1,-1,-2,-1,1,1,1
592.0,0,1,1,-1,0,1,-1,-2,-1,1,1,1
593.0,0,1,1,-1,0,1,-1,-2,-1,1,1,1
594.0,0,1,1,-1,0,1,-1,-2,-1,1,1,1
595.0,0,1,1,-1,0,1,-1,-2,-1,1,1,1
596.0,0,1,1,-1,0,1,-1,-2,-1,0,1,1
597.0,0,1,1,-1,0,0,-1,-2,-1,0,1,1
598.0,0,1,1,-1,0,0,-1,-2,-1,0,1,1
599.0,1,1,1,-1,0,0,-1,-2,-1,0,1,1
600.0,1,1,1,-1,0,0,-1,-2,-1,0,1,1
601.0,1,1,1,-1,0,0,-1,-2,-1,0,1,1
602.0,1,1,1,-1,0,0,-1,-2,-1,0,1,1
603.0,1,1,1,-1,0,0,-1,-2,-1,0,1,1
604.0,1,1,1,-1,0,0,-2,-2,-1,0,1,1
605.0,1,1,1,-1,0,0,-2,-2,-1,0,1,1
606.0,1,1,1,-1,0,0,-2,-2,-1,0,1,1
607.0,1,1,1,-1,0,0,-2,-2,-2,0,1,1
608.0,1,1,1,-1,0,0,-2,-2,-2,0,1,1
609.0,1,1,1,-1,0,0,-2,-2,-2,0,1,1
610.0,1,1,0,-1,0,0,-2,-2,-2,0,1,1
611.0,1,1,0,-1,0,0,-2,-2,-2,0,1,1
612.0,1,1,0,-1,0,0,-2,-2,-2,0,1,1
613.0,1,1,0,-1,0,0,-2,-2,-2,0,1,1
614.0,1,1,0,-1,0,0,-2,-2,-2,0,1,1
615.0,1,1,0,-1,0,0,-2,-2,-2,0,1,1
616.0,1,1,0,-1,0,0,-2,-2,-2,0,1,1
617.0,1,1,0,-1,0,0,-2,-2,-2,0,1,1
618.0,1,1,0,-1,0,0,-2,-2,-2,0,1,1
619.0,1,1,0,-1,0,0,-2,-2,-2,0,1,1
620.0,1,1,0,-1,0,0,-2,-2,-2,0,1,1
621.0,1,1,0,-1,0,0,-2,-2,-2,0,1,1
622.0,1,1,0,-1,0,0,-2,-2,-2,0,1,1
623.0,1,1,0,-1,0,0,-2,-2,-2,0,1,1
624.0,1,1,0,-1,0,0,-2,-2,-2,0,1,1
625.0,1,1,0,-1,0,0,-2,-2,-2,0,1,1
626.0,1,1,0,-1,0,0,-2,-2,-2,0,1,1
627.0,1,1,0,-1,0,0,-2,-2,-2,0,1,1
628.0,1,1,0,-1,0,0,-2,-2,-2,0,1,1
629.0,1,1,0,-1,0,0,-1,-2,-2,0,1,1
630.0,1,1,0,-1,0,0,-1,-2,-2,0,1,1
631.0,1,1,0,-1,0,0,-1,-2,-2,0,1,1
632.0,1,1,0,-1,0,0,-1,-2,-2,0,1,1
633.0,1,1,0,-1,0,0,-1,-2,-2,0,1,1
634.0,1,1,0,-1,0,0,-1,-2,-2,0,1,1
635.0,1,1,0,-1,0,0,-1,-2,-2,0,1,1
636.0,1,1,0,-1,0,0,-1,-2,-2,0,1,1
637.0,1,1,0,-1,0,0,-1,-2,-2,0,1,1
638.0,1,1,0,-1,0,0,-1,-2,-2,0,1,1
639.0,1,1,0,-1,0,0,-1,-2,-2,0,1,1
640.0,1,1,0,-1,0,0,-1,-2,-2,0,1,1
641.0,1,1,0,-1,0,0,-1,-2,-2,0,1,1
642.0,1,1,0,-1,0,0,-1,-2,-2,0,1,1
643.0,1,1,0,-1,0,0,-1,-2,-2,0,1,1
644.0,1,1,0,-1,0,0,-1,-2,-2,0,1,1
645.0,1,1,0,-1,0,0,-1,-2,-2,0,1,1
646.0,1,0,0,-1,0,0,-1,-2,-2,0,1,1
647.0,1,0,0,-1,0,0,-1,-2,-2,0,1,1
648.0,1,0,0,-1,0,0,-1,-2,-2,0,1,1
649.0,1,0,0,-1,0,0,-1,-2,-2,0,1,1
650.0,1,0,0,-1,0,0,-1,-2,-2,0,1,1
651.0,1,0,0,-1,0,0,-1,-2,-2,0,1,1
652.0,1,0,0,-1,0,0,-1,-2,-2,0,1,1
653.0,1,0,0,-1,0,0,-1,-2,-2,0,1,1
654.0,1,0,0,-1,0,0,-1,-2,-2,0,1,1
655.0,1,0,0,-1,0,0,-1,-2,-2,0,1,1
656.0,1,0,0,-1,0,0,-1,-2,-2,0,1,1
657.0,1,0,0,-1,0,0,-1,-2,-2,0,1,1
658.0,2,0,0,-1,0,0,-1,-2,-2,0,1,1
659.0,2,0,0,-1,0,0,-1,-2,-2,0,1,1
660.0,2,0,0,-1,0,-1,-1,-2,-2,0,1,1
661.0,1,0,0,-1,0,-1,-1,-2,-2,0,1,1
662.0,1,0,0,-1,0,0,-1,-2,-2,0,1,1
663.0,1,1,0,-1,0,0,-1,-2,-2,0,1,1
664.0,1,1,0,-1,0,0,-1,-2,-2,0,1,1
665.0,1,1,0,-1,0,0,-1,-2,-2,0,1,1
666.0,1,1,0,-1,0,0,-1,-2,-2,0,1,1
667.0,1,1,0,-1,0,0,-1,-2,-1,0,1,1
668.0,1,1,0,-1,0,0,-1,-2,-1,0,1,1
669.0,1,1,0,-1,0,0,-1,-2,-1,0,1,1
670.0,1,1,0,-1,0,0,-1,-2,-1,0,1,1
671.0,1,1,0,-1,0,0,-1,-2,-1,0,1,1
672.0,1,1,0,-1,0,0,-1,-2,-1,0,1,1
673.0,1,1,0,-1,0,0,-1,-2,-1,0,1,1
674.0,1,1,0,-1,0,0,-1,-2,-1,0,1,1
675.0,1,1,0,-1,0,0,-1,-2,-1,0,1,1
676.0,1,1,0,-1,0,0,-1,-2,-1,0,1,1
677.0,1,1,0,-1,0,0,-1,-2,-1,0,1,1
678.0,1,1,0,-1,0,0,-1,-2,-1,0,1,1
679.0,1,2,0,-1,0,0,-1,-2,-1,0,1,1
680.0,1,2,0,-2,0,0,-1,-2,-1,0,1,1
681.0,1,1,0,-2,0,0,-1,-1,-1,0,1,1
682.0,1,1,1,-2,0,0,-1,-1,-1,0,1,1
683.0,1,1,1,-2,0,0,-1,-1,0,0,1,1
684.0,1,1,1,-2,0,0,-1,-1,0,0,1,1
685.0,1,1,1,-2,0,0,-1,-1,0,0,1,1
686.0,1,1,1,-2,0,0,-1,-1,0,0,1,1
687.0,1,1,1,-2,0,0,-1,-1,0,0,1,1
688.0,1,1,1,-1,0,0,-1,-1,0,0,1,1
689.0,1,1,1,-1,0,0,-1,-1,0,0,1,1
690.0,1,1,1,-1,0,0,-1,-1,0,0,1,1
691.0,1,1,1,-1,0,0,-1,-1,0,0,1,1
692.0,1,1,1,-1,0,0,-1,-1,0,0,1,1
693.0,1,1,1,-1,0,0,-1,-1,0,0,1,1
694.0,1,1,1,-1,0,0,-1,-1,0,0,1,1
695.0,1,1,0,-1,0,0,-1,-1,0,0,1,1
696.0,1,1,0,-1,0,0,-1,-1,0,0,1,1
697.0,1,1,0,-1,0,0,-1,-1,0,0,1,1
698.0,1,1,0,-1,0,0,-1,-1,0,0,1,0
699.0,1,1,0,-1,0,0,-1,-1,0,0,1,0
700.0,1,1,0,-1,0,0,-1,-1,0,0,1,0
701.0,1,1,0,-1,0,0,-1,-1,0,0,1,0
702.0,1,1,0,-1,0,0,-1,-1,0,0,1,0
703.0,1,1,0,-1,0,0,-1,-1,0,0,1,0
704.0,1,1,0,-1,0,0,-1,-1,0,0,1,0
705.0,1,1,0,-1,0,0,-1,-1,0,0,1,0
706.0,1,1,0,-1,0,0,-1,-1,0,0,1,0
707.0,1,1,0,-1,0,0,-1,-1,0,0,1,0
708.0,0,1,0,-1,0,0,-1,-1,0,0,1,0
709.0,0,1,0,-1,0,0,-1,-1,1,0,1,0
710.0,0,1,0,-1,0,0,-1,-1,1,0,1,0
711.0,0,1,0,-1,0,0,-1,-1,1,0,1,0
712.0,0,1,1,-1,0,0,-1,-1,1,0,1,0
713.0,0,1,1,-1,0,0,-1,-1,1,0,1,0
714.0,0,1,1,-1,0,0,-1,-1,1,0,1,0
715.0,0,1,1,-1,0,0,-1,-1,1,0,1,0
716.0,1,1,1,-1,0,0,-1,-1,1,0,1,0
717.0,1,1,1,-1,0,0,-1,-1,1,0,1,0
718.0,1,1,1,-1,0,0,-1,-1,1,0,1,0
719.0,1,1,1,-1,0,0,-1,-1,1,0,1,0
720.0,1,1,1,-1,0,0,-1,-1,1,0,1,0
721.0,1,1,1,-1,0,0,-1,-1,1,0,1,0
722.0,1,1,1,-1,0,0,-1,-1,1,0,1,0
723.0,1,1,1,-1,0,0,-1,-1,1,0,1,0
724.0,1,1,1,-1,0,0,-1,-1,1,0,1,0
725.0,1,1,1,-1,0,0,-1,-1,1,0,1,0
726.0,1,1,1,-1,0,0,-1,-1,1,0,1,0
727.0,0,1,1,-1,0,0,-1,-1,1,0,1,0
728.0,0,1,1,-1,0,0,-1,-1,1,0,1,0
729.0,0,1,1,-1,0,0,-1,-1,1,0,1,0
730.0,0,1,1,-1,0,0,-1,-1,1,0,1,0
731.0,0,1,1,-1,0,0,-1,-1,1,0,1,0
732.0,0,1,1,-1,0,0,-1,-1,1,0,1,0
733.0,0,0,1,-1,0,0,-1,-1,1,0,1,0
734.0,0,0,1,-1,0,0,-1,-1,1,0,1,0
735.0,0,0,1,-1,0,0,-1,-1,0,0,1,0
736.0,0,0,1,-1,0,0,-1,-1,0,0,1,0
737.0,0,0,1,-1,0,0,-1,-1,0,0,1,0
738.0,0,0,1,-1,0,0,-1,-1,0,0,1,0
739.0,0,0,1,-1,0,0,-1,-1,0,0,1,0
740.0,0,0,1,-1,0,0,-1,-1,0,0,1,0
741.0,0,0,1,-1,0,0,-1,-1,0,0,1,0
742.0,0,0,1,-1,0,0,-1,-1,0,0,1,0
743.0,1,0,1,-1,0,0,-1,-1,0,0,1,0
744.0,1,0,1,-1,0,0,-1,-1,0,0,1,0
745.0,1,1,1,-1,0,0,-1,-1,0,0,1,0
746.0,1,1,1,-1,0,0,-1,-1,0,0,1,0
747.0,1,0,0,-1,0,0,-1,-1,0,0,1,0
748.0,1,0,0,-1,0,0,-1,-1,0,0,1,0
749.0,1,0,0,-1,0,0,-1,-1,0,0,1,0
750.0,1,1,0,-1,0,0,-1,-1,0,0,1,0
751.0,1,1,0,-1,0,0,-1,-1,0,0,1,0
752.0,1,1,0,-1,0,0,-1,-1,0,0,1,0
753.0,1,0,0,-1,0,0,-1,-1,0,0,1,0
754.0,1,0,0,-1,0,0,-1,-1,0,0,1,0
755.0,1,0,0,-1,0,0,-1,-1,0,0,1,0
756.0,1,0,0,-1,0,0,-1,-1,0,0,1,0
757.0,1,0,0,-1,0,0,-1,-1,0,0,1,0
758.0,1,0,0,-1,0,0,-1,-1,0,0,1,0
759.0,1,0,0,-1,0,0,-1,-1,0,0,1,0
760.0,1,0,0,-1,0,0,-1,-1,0,0,1,0
761.0,1,0,0,-1,0,0,-1,-1,0,0,1,0
762.0,1,0,0,-1,0,0,-1,-1,0,0,1,0
763.0,1,0,0,-1,0,0,-1,-1,0,0,1,0
764.0,0,0,0,-1,0,0,-1,-1,0,0,1,0
765.0,0,0,0,-1,0,0,-1,-1,0,0,1,0
766.0,0,0,0,-1,0,0,-1,-1,-1,0,1,0
767.0,0,0,0,-1,0,0,-1,-1,-1,0,1,0
768.0,0,0,0,-1,0,0,-1,-1,0,0,1,0
769.0,0,-1,0,-1,0,-1,-1,-1,0,0,1,0
770.0,0,-1,0,-1,0,-1,-1,-1,0,0,0,0
771.0,0,-1,0,-1,0,-1,-1,-1,0,0,0,0
772.0,0,-1,0,-1,0,-1,-1,-1,0,0,0,0
773.0,0,-1,0,-1,0,-1,-1,-1,0,0,0,0
774.0,0,-1,0,-1,0,-1,-1,-1,0,0,0,0
775.0,0,-1,0,-1,0,-1,-1,-1,-1,0,0,0
776.0,1,-1,0,-1,0,-1,-1,-1,-1,0,0,0
777.0,1,-1,0,-1,0,-1,0,-1,-1,0,0,0
778.0,1,-1,0,-1,0,-1,0,-1,-1,0,0,0
779.0,1,-1,0,-1,0,-1,0,-1,-1,0,0,0
780.0,1,-1,0,-1,0,-1,0,-1,-1,0,0,0
781.0,1,-1,0,-1,0,-1,0,-1,-1,0,0,0
782.0,1,-1,0,0,0,-1,0,-1,-1,0,0,0
783.0,1,-1,0,0,0,-1,0,-1,-1,0,0,0
784.0,1,-1,0,0,0,-1,0,-1,-1,0,0,0
785.0,1,-1,0,0,0,-1,0,-1,-1,0,0,0
786.0,1,-1,0,0,0,-1,0,-1,-1,0,0,0
787.0,1,-1,0,0,0,-1,0,-1,-1,0,0,0
788.0,1,-1,0,0,0,-1,0,-1,-1,0,0,0
789.0,1,-1,0,0,0,-1,0,-1,-1,0,0,0
790.0,1,-1,0,0,0,-1,0,-1,-1,0,0,0
791.0,1,-1,0,0,0,-1,0,-1,-1,0,0,0
792.0,1,-1,0,0,0,-1,0,-1,-1,0,0,0
793.0,1,-1,0,0,0,-1,0,-1,-1,0,0,0
794.0,1,-1,0,0,0,-1,0,-1,-1,0,0,0
795.0,1,-1,0,0,1,-1,0,-1,-1,0,0,0
796.0,1,-1,0,0,1,-1,-1,-1,-1,0,0,0
797.0,1,-1,0,0,1,-1,-1,-1,-1,0,0,0
798.0,1,-1,0,0,1,-1,-1,-1,-1,0,0,0
799.0,1,-1,0,0,1,-1,-1,-1,-1,0,0,0
800.0,1,-1,0,0,1,-1,-1,-1,-1,0,0,0
801.0,1,-1,0,0,1,-1,-1,-1,-1,0,0,0
802.0,1,-1,0,0,1,-1,-1,-1,-1,0,0,0
803.0,1,-1,0,0,1,-1,-1,-1,-1,0,0,0
804.0,1,-1,0,0,1,-1,-1,-1,-1,0,0,0
805.0,1,-1,0,0,1,-1,-1,-1,-1,0,0,0
806.0,1,-1,0,0,1,-1,-1,-1,-1,-1,0,0
807.0,1,-1,0,0,1,-1,-1,-2,-1,-1,0,0
808.0,1,-1,0,0,1,-1,-1,-2,-1,-1,0,0
809.0,1,-1,0,0,1,-1,-1,-2,-1,-1,0,0
810.0,1,-1,0,0,1,-1,-1,-2,-1,-1,0,0
811.0,1,-1,0,0,0,-1,-1,-2,-1,-1,0,0
812.0,1,-1,0,0,0,-1,-1,-2,-1,-1,0,0
813.0,0,-1,0,0,0,-1,-1,-2,-1,-1,0,0
814.0,0,-1,0,0,0,-1,-1,-2,-1,-1,0,0
815.0,0,-1,0,0,0,-1,-1,-2,-1,-1,0,0
816.0,1,-1,0,0,0,-1,-1,-2,-1,-1,0,0
817.0,1,-1,0,0,0,-1,-1,-2,-1,-1,0,0
818.0,1,-1,0,0,0,-1,-1,-2,-1,-1,0,0
819.0,1,-1,0,0,0,-1,-1,-2,-1,-1,0,0
820.0,0,-1,0,0,0,-1,-1,-2,-1,-1,0,0
821.0,0,-1,0,0,0,-1,-1,-2,-1,-1,0,0
822.0,0,-1,0,0,0,-1,-1,-2,-1,-1,0,0
823.0,0,-1,0,0,0,-1,-1,-2,-1,-1,0,0
824.0,0,-1,0,0,0,-1,-1,-2,-1,-1,0,0
825.0,0,-1,0,0,0,-1,-1,-2,-1,-1,0,0
826.0,0,-1,0,0,0,-1,-1,-2,-1,-1,0,0
827.0,0,-1,0,0,0,-1,-1,-2,-1,-1,0,0
828.0,0,-1,0,0,0,-1,-1,-2,-1,-1,0,0
829.0,0,-1,0,0,0,-1,-1,-2,-1,-1,0,0
830.0,0,-1,0,0,0,-1,-1,-2,-1,-1,0,0
831.0,0,-1,0,0,0,-1,-1,-2,-1,-1,0,0
832.0,0,-1,0,0,0,-1,-1,-2,-1,-1,0,0
833.0,0,-1,0,0,0,-1,0,-2,-1,-1,0,0
834.0,0,-1,0,0,0,-1,0,-2,-1,-1,0,0
835.0,0,-1,0,0,0,-1,0,-2,-1,-1,0,0
836.0,0,-1,0,0,0,-1,0,-2,-1,-1,0,0
837.0,0,-1,0,0,0,-1,0,-2,-1,-1,0,0
838.0,0,-1,0,0,0,-1,0,-2,-1,-1,0,0
839.0,0,-1,0,0,0,-1,0,-1,-1,-1,0,0
840.0,0,-1,0,0,0,-1,0,-1,-1,-1,-1,0
841.0,0,-1,0,0,0,-1,0,-1,-1,-1,-1,0
842.0,0,-1,0,0,0,-1,0,-1,-1,-1,-1,0
843.0,0,-1,0,0,0,-1,0,-1,-1,-1,-1,0
844.0,0,-1,0,0,0,-1,0,-1,-1,-1,-1,0
845.0,0,-1,0,0,0,-1,0,-1,-1,-1,-1,0
846.0,0,-1,0,0,0,-1,0,-1,-1,-1,-1,0
847.0,0,-1,0,0,0,-1,0,-1,-1,-1,-1,-1
848.0,0,-1,0,0,0,-1,0,-1,-1,-1,-1,-1
849.0,0,-1,0,0,0,-1,0,-1,-1,-1,-1,-1
850.0,0,-1,0,0,0,-1,0,-1,-1,-1,-1,-1
851.0,0,-1,0,0,0,-1,0,-1,-1,-1,-1,-1
852.0,0,-1,0,0,0,-1,0,-1,-1,-1,-1,-1
853.0,0,-1,0,0,0,-1,0,-1,-1,-1,-1,-1
854.0,0,-1,0,0,0,-1,0,-1,-1,-1,-1,-1
855.0,0,-1,0,0,0,-1,0,-1,0,-1,-1,-1
856.0,0,-1,0,0,0,-1,0,-1,0,-1,-1,0
857.0,0,-1,0,0,0,-1,0,-1,0,-1,-1,0
858.0,0,-1,0,0,0,-1,0,-1,0,-1,-1,0
859.0,0,-1,0,0,0,-1,0,-1,0,-1,-1,0
860.0,0,-1,0,0,0,-1,0,-1,0,-1,-1,0
861.0,0,-1,0,0,0,-1,0,-1,0,-1,-1,0
862.0,0,-1,0,0,0,-1,0,-1,0,-1,-1,0
863.0,0,-1,0,0,0,-1,0,-1,0,-1,-1,0
864.0,0,-1,0,0,0,-1,0,-1,0,-1,-1,0
865.0,0,-1,0,0,0,-1,0,-1,0,-1,-1,0
866.0,0,-1,0,0,0,-1,1,-1,0,-1,-1,0
867.0,0,-1,0,0,0,-1,1,-1,0,-1,-1,0
868.0,0,-1,0,0,0,-1,1,-1,0,-1,-1,0
869.0,0,-1,0,0,0,-1,1,-1,0,-1,-1,0
870.0,0,-1,0,0,0,-1,1,-1,0,-1,-1,0
871.0,0,-1,0,0,0,-1,1,-1,0,-1,-1,0
872.0,0,-1,0,0,0,-1,1,-1,0,-1,-1,0
873.0,0,-1,0,0,0,-1,1,-1,0,-1,-1,0
874.0,0,-1,0,0,0,-1,1,-1,0,-1,-1,0
875.0,0,-1,0,0,0,-1,1,-1,0,-1,-1,0
876.0,0,-1,0,0,0,-1,1,-1,0,-1,-1,0
877.0,0,-1,0,0,0,-1,1,-1,0,-1,-1,0
878.0,0,-1,0,0,0,-1,1,-1,0,-1,-1,0
879.0,0,-1,0,0,0,-1,0,-1,0,-1,-1,0
880.0,0,-1,0,0,0,-1,0,-1,0,-1,-1,0
881.0,0,-1,0,0,0,-1,0,-1,0,-1,-1,0
882.0,0,-1,0,0,0,-1,0,-1,1,-1,-1,0
883.0,0,-1,0,0,0,-1,0,-1,1,-1,-1,0
884.0,0,-1,0,0,0,-1,0,-1,1,-1,-1,0
885.0,0,-1,0,0,0,-1,0,0,1,-1,-1,0
886.0,0,-1,0,0,0,-1,0,0,1,-1,-1,0
887.0,0,-1,0,0,0,-1,0,0,1,-1,-1,0
888.0,0,-1,0,0,0,-1,0,0,1,-1,-1,0
889.0,0,-1,0,0,0,-1,0,0,1,0,-1,0
890.0,0,-1,0,0,0,-1,1,0,1,0,-1,0
891.0,0,-1,0,0,0,-1,1,0,1,0,-1,0
892.0,0,-1,0,0,0,-1,1,0,1,0,-1,0
893.0,0,-1,0,0,0,-1,1,0,1,0,0,0
894.0,0,-1,0,0,0,-1,1,0,1,0,0,0
895.0,0,-1,0,0,0,-1,1,0,1,0,0,0
896.0,0,-1,0,0,0,-1,1,0,1,0,0,0
897.0,0,-1,0,0,0,-1,1,0,1,0,0,0
898.0,0,-1,0,0,0,-1,1,0,1,0,0,0
899.0,0,-1,0,0,0,-1,1,0,1,0,0,0
900.0,0,-1,0,0,0,-1,1,0,1,0,0,0
901.0,0,-1,0,0,0,-1,1,0,1,0,0,0
902.0,0,-1,0,0,0,-1,1,0,1,0,0,0
903.0,0,-1,0,0,0,-1,1,0,1,0,0,0
904.0,0,-1,0,0,0,-1,1,0,1,0,0,0
905.0,0,-1,0,0,0,-1,1,0,1,0,0,0
906.0,0,-1,0,0,0,-1,0,0,1,0,0,0
907.0,0,-1,0,0,0,-1,0,0,1,0,0,0
908.0,0,-1,0,0,0,-1,0,0,1,0,0,0
909.0,0,-1,0,0,0,-1,0,0,1,0,0,0
910.0,0,-1,0,0,0,-1,0,0,1,0,0,0
911.0,0,-1,0,0,0,-1,0,0,1,0,0,0
912.0,0,-1,0,0,0,-1,0,0,1,0,0,0
913.0,0,-1,0,0,0,-1,0,0,1,0,0,0
914.0,0,-1,0,0,0,-1,0,0,1,0,0,0
915.0,0,-1,0,0,0,-1,0,0,1,0,0,0
916.0,0,0,0,0,0,-1,0,0,1,0,0,0
917.0,0,0,0,0,0,-1,0,0,2,0,0,0
918.0,0,0,0,0,0,-1,0,0,1,0,0,0
919.0,0,0,0,0,0,-1,0,0,1,0,0,0
920.0,0,0,0,0,0,-1,0,0,1,0,0,0
921.0,0,0,0,0,0,-1,0,0,1,0,0,0
922.0,0,0,0,0,0,-1,0,0,1,0,0,0
923.0,0,0,0,0,0,-1,0,0,1,0,0,0
924.0,0,0,0,0,0,-1,0,0,1,0,0,0
925.0,1,0,0,0,0,-1,0,0,1,0,0,0
926.0,1,0,0,0,0,-1,0,0,1,0,0,0
927.0,1,0,0,0,0,-1,0,0,1,0,0,0
928.0,1,0,0,0,0,-1,0,0,1,0,0,0
929.0,1,-1,0,0,0,-1,0,0,1,0,0,0
930.0,1,-1,0,0,0,-1,0,0,1,0,0,0
931.0,1,-1,0,0,0,-1,0,0,1,0,0,0
932.0,1,-1,0,0,0,-1,0,0,1,0,0,0
933.0,1,-1,0,0,0,-1,0,0,0,0,0,0
934.0,1,-1,0,0,0,-1,0,0,0,0,0,0
935.0,1,-1,0,0,0,-1,0,0,0,0,0,0
936.0,1,-1,0,0,0,-1,0,0,0,0,0,0
937.0,1,-1,0,0,0,-1,0,0,0,0,0,0
938.0,1,-1,0,0,0,-1,0,0,0,0,0,0
939.0,1,-1,0,0,0,-1,0,0,0,0,0,0
940.0,1,-1,0,0,0,-1,0,0,0,0,0,0
941.0,1,-1,0,0,0,-1,0,0,0,0,0,0
942.0,1,-1,0,0,0,-1,0,0,0,0,0,0
943.0,1,-1,0,0,0,-1,0,0,0,0,0,0
944.0,1,-1,0,0,0,-1,0,0,0,0,0,0
945.0,1,-1,0,0,0,-1,0,0,0,0,0,0
946.0,0,-1,0,0,0,-1,0,0,0,0,0,0
947.0,0,-1,0,0,0,-1,0,0,0,0,-1,0
948.0,0,-1,0,0,0,-1,0,0,0,0,-1,0
949.0,0,-1,0,0,0,-1,0,0,0,0,-1,0
950.0,0,-1,0,0,0,-1,0,0,0,0,-1,0
951.0,0,-1,0,0,0,-1,0,0,0,0,-1,0
952.0,0,-1,0,0,0,-1,0,0,0,0,-1,0
953.0,0,-1,0,0,0,-1,0,0,0,0,-1,0
954.0,0,-1,0,0,0,-1,0,0,0,-1,-1,0
955.0,0,-1,0,0,0,-1,0,0,0,-1,-1,0
956.0,0,-1,0,0,0,-1,0,0,0,-1,-1,0
957.0,0,-1,0,0,0,-1,0,0,0,-1,-1,0
958.0,0,-1,0,0,0,-1,0,0,0,-1,-1,0
959.0,0,-1,0,0,0,-1,0,0,0,-1,-1,0
960.0,0,-1,0,0,0,-1,0,0,0,-1,-1,0
961.0,0,-1,0,0,0,-1,0,0,0,-1,-1,0
962.0,0,-1,0,0,0,-1,0,0,0,-1,-1,0
963.0,0,-1,0,0,0,-1,0,0,0,-1,-1,0
964.0,0,-1,0,0,0,-1,0,0,0,-1,-1,0
965.0,0,-1,0,0,0,-1,0,0,0,-1,-1,-1
966.0,0,-1,0,0,0,-1,0,0,0,-1,-1,-1
967.0,0,-1,0,0,0,-1,0,0,0,-1,-1,-1
968.0,0,-1,0,0,0,-1,0,0,0,-1,-1,-1
969.0,0,-1,0,0,0,-1,0,0,0,-1,-1,-1
970.0,0,-1,0,0,0,-1,0,0,0,-1,-1,-1
971.0,0,-1,0,0,0,-1,0,0,0,-1,-1,-1
972.0,0,-1,0,0,0,-1,1,0,0,-1,-1,-1
973.0,0,-1,0,0,0,-1,1,0,0,-1,-1,-1
974.0,0,-1,0,0,0,-1,1,0,0,-1,-1,-1
975.0,0,-1,0,0,0,-1,1,0,0,-1,-1,-1
976.0,0,-1,0,0,0,-1,1,0,0,-1,-1,-1
977.0,0,-1,0,0,0,-1,1,0,0,-1,-1,-1
978.0,0,-1,0,0,0,-1,1,0,0,-1,-1,-1
979.0,0,-1,0,0,0,-1,1,0,0,-1,-1,-1
980.0,0,-1,0,0,0,-1,1,0,0,-1,-1,-1
981.0,0,-1,0,0,0,-1,1,0,0,-1,-1,-1
982.0,0,-1,0,0,0,-1,1,0,0,-1,-1,-1
983.0,0,-1,0,0,0,-1,1,0,0,-1,-1,-1
984.0,0,-1,0,0,0,-1,1,0,0,-1,-1,-1
985.0,0,-1,0,0,0,-1,1,0,0,-1,-1,-1
986.0,0,-1,0,0,0,-1,1,0,0,-1,-1,-1
987.0,0,-1,0,0,0,-1,1,0,0,-1,-1,-1
988.0,0,-1,0,0,0,-1,1,0,0,-1,-1,-1
989.0,0,-1,0,0,0,-1,1,0,0,-1,-1,-1
990.0,0,-1,0,0,0,-1,1,0,0,-1,-1,-1
991.0,0,-1,0,0,0,-1,1,0,0,-1,-1,-1
992.0,0,-1,0,0,0,-1,1,0,0,-1,-1,-1
993.0,0,-1,0,0,0,-1,1,0,0,-1,-1,-1
994.0,0,-1,0,0,0,-1,1,0,0,-1,-1,-1
995.0,0,-1,0,0,0,-1,1,0,0,-1,-1,-1
996.0,0,-1,0,0,0,-1,1,0,0,-1,-1,-1
997.0,0,-1,0,0,0,-1,1,0,0,-1,-1,-1
998.0,0,-1,0,0,0,-1,1,0,0,-1,-1,-1
999.0,0,-1,0,0,0,-1,1,0,0,-1,-1,-1
1000.0,0,-1,0,0,0,-1,1,0,0,-1,-1,-1
1001.0,0,-1,0,0,0,-1,1,0,0,-1,-1,-1
1002.0,0,-1,0,0,0,-1,1,0,0,-1,-1,-1
1003.0,0,-1,0,0,0,-1,1,0,0,-1,-1,-1
1004.0,0,-1,0,0,0,-1,1,0,0,-1,-1,-1
1005.0,0,-1,0,0,0,-1,1,0,0,-1,-1,-1
1006.0,0,-1,0,0,0,-1,1,0,0,-1,-1,-1
1007.0,0,-1,0,0,0,-1,1,0,0,-1,-1,-1
1008.0,0,-1,0,0,0,-1,1,0,0,-1,-1,-1
1009.0,0,-1,0,0,0,-1,1,0,1,-1,-1,-1
1010.0,0,-1,0,0,0,-1,1,0,1,-1,-1,-1
1011.0,0,-1,0,0,0,-1,1,0,1,-1,-1,-1
1012.0,0,-1,0,0,0,-1,1,0,1,-1,-1,-1
1013.0,0,-1,0,0,0,-1,1,0,1,-1,-1,-1
1014.0,0,-1,0,0,0,-1,1,0,1,-1,-1,-1
1015.0,0,-1,0,0,0,-1,1,0,1,-1,-1,-1
1016.0,0,-1,0,0,0,-1,1,0,1,-1,-1,-1
1017.0,0,-1,0,0,0,-1,1,0,1,-1,-1,-1
1018.0,0,-1,0,0,0,-1,1,0,1,-1,-1,-1
1019.0,0,-1,0,0,0,-1,1,0,1,-1,-1,-1
1020.0,0,-1,0,0,0,-1,1,0,1,-1,-1,-1
1021.0,0,-1,0,0,0,-1,1,0,1,-1,-1,-1
1022.0,0,-1,0,0,0,-1,1,0,1,-1,-1,-1
1023.0,0,-1,0,0,0,-1,1,0,1,-1,-1,-1
1024.0,0,-1,0,0,0,-1,1,0,1,-1,-1,-1
1025.0,0,-1,0,0,0,-1,1,0,1,-1,-1,-1
1026.0,0,-1,0,0,0,-1,1,0,1,-1,-1,-1
1027.0,0,-1,0,0,0,-1,1,0,1,-1,-1,-1
1028.0,0,-1,0,0,0,-1,1,0,1,-1,-1,-1
1029.0,0,-1,0,0,0,-1,1,0,1,-1,-1,-1
1030.0,0,-1,0,0,0,-1,1,0,1,-1,-1,-1
1031.0,0,-1,0,0,0,-1,1,0,1,-1,-1,-1
1032.0,0,-1,0,0,0,-1,1,0,1,-1,-1,-1
1033.0,0,-1,0,0,0,-1,1,0,1,-1,-1,-1
1034.0,0,-1,0,0,0,-1,1,0,1,-1,-1,-1
1035.0,0,-1,0,0,0,-1,1,0,1,-1,-1,-1
1036.0,0,-1,0,0,0,-1,1,0,1,-1,-1,-1
1037.0,0,-1,0,0,0,-1,1,0,1,-1,-1,-1
1038.0,0,-1,0,0,0,-1,1,0,1,-1,-1,-1
1039.0,0,-1,0,0,0,-1,1,0,1,-1,-1,-1
1040.0,0,-1,0,0,0,-1,1,0,1,-1,-1,-1
1041.0,0,-1,0,0,0,-1,1,0,1,-1,-1,-1
1042.0,0,-1,0,0,0,-1,1,0,1,-1,-1,-1
1043.0,0,-1,0,0,0,-1,1,0,1,0,-1,-1
1044.0,0,-1,0,0,0,-1,1,0,1,0,-1,-1
1045.0,0,-1,0,0,0,-1,1,0,1,0,-1,-1
1046.0,0,-1,0,0,0,-1,1,0,1,0,-1,-1
1047.0,0,-1,0,0,0,-1,1,0,1,0,-1,-1
1048.0,0,-1,0,0,0,-1,1,0,1,0,-1,-1
1049.0,0,-1,0,0,0,-1,1,0,1,0,-1,-1
1050.0,0,-1,0,0,0,-1,1,0,1,0,-1,-1
1051.0,0,-1,0,0,0,-1,1,0,1,0,-1,-1
1052.0,0,-1,0,0,0,-1,1,0,1,0,-1,-1
1053.0,0,-1,0,0,0,-1,1,0,1,0,-1,-1
1054.0,0,-1,0,0,0,-1,1,0,1,0,-1,-1
1055.0,0,-1,0,0,0,-1,1,0,1,0,-1,-1
1056.0,0,-1,0,0,0,-1,1,0,1,0,-1,-1
1057.0,0,-1,0,0,0,-1,1,0,1,0,-1,-1
1058.0,0,-1,0,0,0,-1,1,0,1,0,-1,-1
1059.0,0,-1,0,0,0,-1,1,0,1,0,-1,-1
1060.0,0,-1,0,0,0,-1,1,0,1,0,-1,-1
1061.0,0,-1,0,0,0,-1,1,0,1,0,-1,-1
1062.0,0,-1,0,0,0,-1,1,0,1,0,-1,-1
1063.0,0,-1,0,0,0,-1,1,0,1,0,-1,-1
1064.0,0,-1,0,0,0,-1,1,0,1,0,-1,-1
1065.0,0,-1,0,0,0,-1,1,0,1,0,-1,-1
1066.0,0,-1,0,0,0,-1,1,0,1,0,-1,-1
1067.0,0,-1,0,0,0,-1,1,0,1,0,-1,-1
1068.0,0,-1,0,0,0,-1,1,0,1,0,-1,-1
1069.0,0,-1,0,0,0,-1,1,0,1,0,-1,-1
1070.0,0,-1,0,0,0,-1,1,0,2,0,-1,-1
1071.0,0,-1,0,0,0,-1,1,0,2,0,-1,-1
1072.0,0,-1,0,0,0,-1,1,0,2,0,-1,-1
1073.0,0,-1,0,0,0,-1,1,0,2,0,-1,-1
1074.0,0,-1,0,0,0,-1,1,0,2,0,-1,-1
1075.0,0,-1,0,0,0,-1,1,0,2,0,-1,-1
1076.0,0,-1,0,0,0,-1,1,0,2,0,-1,-1
1077.0,0,-1,0,0,0,-1,1,0,2,0,-1,-1
1078.0,0,-1,0,0,0,-1,1,0,1,0,-1,-1
1079.0,0,-1,0,0,0,-1,1,0,1,0,-1,-1
1080.0,0,-1,0,0,0,-1,1,0,1,0,-1,-1
1081.0,0,-1,0,0,0,-1,1,0,1,0,-1,-1
1082.0,0,-1,0,0,0,-1,1,0,1,0,-1,-1
1083.0,0,-1,0,0,0,-1,1,0,1,0,-1,-1
1084.0,0,-1,0,0,0,-1,1,0,1,0,-1,-1
1085.0,0,-1,0,0,0,-1,0,0,1,0,-1,-1
1086.0,0,-1,0,0,0,-1,0,0,1,0,-1,-1
1087.0,0,-1,0,0,0,-1,0,0,1,0,-1,-1
1088.0,0,-1,0,0,0,-1,0,0,1,0,-1,-1
1089.0,0,-1,0,0,0,-1,0,0,1,0,-1,-1
1090.0,0,-1,0,0,0,-1,0,0,1,0,-1,-1
1091.0,0,-1,0,0,0,-1,0,0,1,0,-1,-1
1092.0,0,-1,0,0,0,-1,0,0,1,0,-1,-1
1093.0,0,-1,0,0,0,-1,0,0,1,0,-1,-1
1094.0,0,0,0,0,0,-1,0,0,1,0,-1,-1
1095.0,0,0,0,0,0,-1,0,0,1,0,-1,-1
1096.0,0,0,0,0,0,-1,0,0,1,0,-1,-1
1097.0,0,0,0,0,0,-1,1,0,1,0,-1,-1
1098.0,0,0,0,0,0,-1,1,0,2,0,-1,-1
1099.0,0,0,0,0,0,-1,1,0,2,0,-1,-1
1100.0,0,0,0,0,0,-1,1,0,2,0,-1,-1
1101.0,0,0,0,0,0,-1,0,0,2,0,-1,-1
1102.0,0,0,0,0,0,-1,0,0,2,0,-1,-1
1103.0,0,0,0,0,0,-1,0,0,2,0,-1,-1
1104.0,0,0,0,0,0,-1,0,0,2,0,-1,-1
1105.0,0,0,0,0,0,-1,0,0,2,0,-1,-1
1106.0,0,0,0,0,0,-1,0,0,2,0,-1,-1
1107.0,0,0,0,0,0,-1,0,0,2,0,-1,-1
1108.0,0,0,0,0,0,-1,0,0,2,0,-1,-1
1109.0,0,0,0,0,0,-1,0,0,2,0,-1,-1
1110.0,0,0,0,0,0,-1,0,0,2,0,-1,-1
1111.0,0,0,0,0,0,-1,0,0,2,0,-1,-1
1112.0,0,0,0,0,0,-1,1,0,2,0,-1,-1
1113.0,0,0,0,0,0,-1,1,0,2,0,-1,-1
1114.0,0,0,0,0,0,-1,1,0,2,0,-1,0
1115.0,0,0,0,0,0,-1,1,0,2,0,-1,0
1116.0,0,0,0,0,0,-1,1,0,2,0,-1,0
1117.0,1,0,0,0,0,-1,0,0,2,0,-1,0
1118.0,1,0,0,0,0,-1,0,0,2,0,-1,0
1119.0,1,0,0,0,0,-1,0,0,2,0,-1,0
1120.0,1,0,0,0,0,-1,0,0,2,0,0,0
1121.0,1,0,0,-1,0,-1,0,0,1,0,0,0
1122.0,1,0,0,-1,0,-1,0,0,1,0,0,0
1123.0,1,0,0,-1,0,-1,0,0,1,0,0,1
1124.0,1,0,0,-1,0,-1,0,0,1,0,0,1
1125.0,1,0,0,-1,0,-1,-1,0,1,0,0,1
1126.0,1,0,0,-1,0,-1,-1,0,1,0,0,1
1127.0,1,0,0,-1,0,-1,-1,0,1,0,0,1
1128.0,2,0,0,-1,0,-1,-1,0,0,0,0,2
1129.0,2,0,0,-1,0,-1,-1,0,0,0,1,2
1130.0,2,1,0,-1,0,-1,-2,0,0,0,1,2
1131.0,3,1,0,-1,1,-1,-2,0,0,0,1,3
1132.0,3,1,0,-1,1,-1,-2,0,-1,0,1,3
1133.0,3,1,0,-1,1,-1,-2,0,-1,0,1,3
1134.0,4,1,0,-2,1,-1,-3,0,-1,0,1,4
1135.0,4,1,0,-2,1,-1,-3,0,-2,0,2,4
1136.0,4,2,0,-2,1,-1,-3,0,-2,0,2,5
1137.0,5,2,0,-2,1,-1,-4,0,-2,0,2,5
1138.0,5,2,0,-2,2,-1,-4,0,-3,0,2,5
1139.0,6,2,-1,-3,2,-1,-4,0,-3,0,3,6
1140.0,6,2,-1,-3,2,-1,-5,-1,-3,0,3,6
1141.0,6,2,-1,-3,2,-1,-5,-1,-3,0,3,7
1142.0,7,3,-1,-3,2,-1,-5,-1,-4,0,3,7
1143.0,7,3,-1,-3,3,-1,-6,-1,-4,0,4,8
1144.0,8,3,-2,-3,3,-1,-6,-1,-4,0,4,8
1145.0,8,3,-2,-4,3,-1,-6,-1,-4,0,4,8
1146.0,8,3,-2,-4,4,-1,-6,-1,-4,1,5,9
1147.0,9,3,-2,-4,4,-1,-6,-1,-4,1,5,9
1148.0,9,3,-2,-4,4,-1,-7,-1,-4,1,5,10
1149.0,9,3,-3,-4,4,-1,-7,-1,-4,1,6,10
1150.0,10,3,-3,-5,5,-1,-7,-1,-4,1,6,10
1151.0,10,3,-3,-5,5,-1,-7,-1,-4,1,6,11
1152.0,11,3,-3,-5,5,-1,-7,-1,-4,1,7,12
1153.0,11,3,-4,-5,6,-1,-8,-1,-4,1,7,12
1154.0,11,3,-4,-6,6,-1,-8,-1,-4,2,8,13
1155.0,12,4,-4,-6,6,-1,-8,-1,-4,2,8,13
1156.0,12,4,-4,-6,6,-1,-9,-1,-4,2,8,14
1157.0,13,4,-4,-6,7,-1,-9,-1,-5,2,9,14
1158.0,13,5,-5,-7,7,-1,-9,-1,-5,3,9,15
1159.0,13,5,-5,-7,7,-1,-10,-1,-5,3,10,15
1160.0,13,6,-5,-7,7,-1,-10,-1,-5,3,10,16
1161.0,14,6,-5,-7,7,-1,-10,-2,-5,3,11,16
1162.0,14,7,-5,-8,8,-1,-11,-2,-5,4,11,17
1163.0,14,8,-5,-8,8,-1,-11,-2,-5,4,12,17
1164.0,15,9,-5,-9,8,-1,-12,-2,-5,5,13,18
1165.0,15,9,-4,-9,8,-1,-12,-3,-4,5,13,19
1166.0,15,10,-4,-9,8,0,-13,-3,-3,6,14,19
1167.0,16,11,-4,-10,8,0,-13,-3,-3,6,15,20
1168.0,16,12,-4,-10,8,1,-14,-3,-2,7,15,21
1169.0,16,13,-4,-11,8,1,-14,-3,-2,8,16,22
1170.0,17,14,-3,-11,8,1,-15,-4,-1,8,17,22
1171.0,17,14,-3,-12,8,2,-15,-4,-1,9,18,23
1172.0,18,15,-3,-12,8,2,-15,-4,0,10,19,24
1173.0,18,15,-3,-12,9,2,-15,-4,0,11,20,25
1174.0,19,16,-3,-13,9,3,-16,-4,0,11,21,26
1175.0,19,16,-3,-13,9,3,-16,-4,1,12,22,27
1176.0,20,17,-3,-14,9,3,-16,-4,1,12,23,28
1177.0,20,17,-3,-14,9,3,-16,-3,1,13,24,29
1178.0,21,17,-3,-15,9,4,-16,-3,1,13,24,29
1179.0,21,16,-3,-15,10,4,-15,-3,1,14,25,30
1180.0,21,16,-3,-15,10,4,-15,-2,2,14,26,31
1181.0,22,15,-4,-15,11,3,-14,-2,2,14,27,32
1182.0,22,14,-4,-15,11,3,-14,-1,2,14,27,32
1183.0,22,13,-4,-15,11,3,-13,-1,2,14,28,32
1184.0,22,12,-5,-16,12,2,-13,0,2,14,29,33
1185.0,22,10,-6,-15,12,2,-12,0,2,14,29,33
1186.0,23,9,-6,-15,13,1,-11,0,2,14,30,34
1187.0,23,7,-7,-15,13,1,-11,1,1,14,30,34
1188.0,23,6,-8,-15,14,0,-10,1,0,13,31,35
1189.0,23,4,-9,-15,14,-1,-9,2,0,13,31,35
1190.0,23,3,-10,-15,15,-1,-8,2,-1,12,32,35
1191.0,24,1,-11,-14,16,-2,-8,3,-1,12,32,36
1192.0,24,-1,-12,-14,16,-3,-7,3,-2,11,32,36
1193.0,24,-2,-14,-14,17,-4,-6,4,-2,10,33,37
1194.0,24,-3,-15,-13,18,-5,-5,4,-3,10,33,37
1195.0,24,-5,-16,-13,18,-6,-4,5,-3,9,33,38
1196.0,24,-6,-17,-13,19,-7,-3,5,-4,8,33,38
1197.0,24,-7,-18,-12,20,-8,-3,5,-4,8,34,38
1198.0,24,-9,-20,-12,21,-9,-2,6,-5,7,34,39
1199.0,24,-10,-21,-11,21,-11,-1,6,-6,6,34,39
1200.0,24,-12,-22,-10,22,-12,0,6,-6,5,34,39
1201.0,24,-14,-23,-10,23,-13,0,6,-7,4,34,39
1202.0,23,-15,-25,-9,23,-14,1,6,-8,3,34,39
1203.0,23,-16,-26,-9,24,-16,1,6,-9,2,34,39
1204.0,23,-18,-27,-8,25,-17,1,6,-10,1,33,39
1205.0,23,-19,-28,-8,25,-18,1,6,-10,0,33,38
1206.0,22,-20,-29,-7,25,-19,2,6,-11,0,33,38
1207.0,22,-21,-30,-6,26,-20,3,6,-12,-1,32,38
1208.0,22,-22,-31,-6,26,-21,3,6,-13,-2,32,37
1209.0,21,-23,-32,-5,27,-22,4,6,-13,-3,31,36
1210.0,21,-24,-33,-5,27,-23,4,6,-14,-4,31,36
1211.0,21,-25,-34,-4,28,-24,5,6,-15,-5,30,35
1212.0,20,-27,-35,-3,28,-26,5,6,-15,-7,29,34
1213.0,20,-27,-36,-3,28,-26,5,6,-16,-7,29,33
1214.0,19,-28,-37,-2,29,-27,6,5,-16,-8,28,32
1215.0,19,-29,-38,-1,29,-28,6,5,-17,-9,27,31
1216.0,19,-30,-38,-1,29,-29,7,5,-17,-10,26,31
1217.0,18,-31,-39,0,29,-30,7,5,-17,-11,26,30
1218.0,18,-32,-40,0,30,-31,8,5,-17,-12,25,28
1219.0,17,-32,-40,0,30,-32,8,5,-17,-13,24,27
1220.0,17,-33,-41,1,30,-33,8,5,-17,-14,22,26
1221.0,16,-34,-42,1,30,-33,8,5,-17,-15,22,25
1222.0,16,-34,-42,2,30,-34,9,5,-17,-15,21,25
1223.0,16,-34,-43,2,30,-34,9,5,-17,-16,20,24
1224.0,15,-34,-43,3,30,-35,9,5,-17,-16,19,23
1225.0,15,-34,-43,3,30,-35,9,5,-17,-17,18,22
1226.0,15,-34,-44,4,30,-36,9,5,-16,-17,17,21
1227.0,14,-34,-44,4,30,-36,8,5,-16,-18,16,19
1228.0,14,-34,-44,5,30,-36,8,5,-15,-18,16,19
1229.0,14,-34,-44,5,30,-36,8,5,-15,-18,15,18
1230.0,13,-33,-44,5,30,-37,8,5,-14,-18,14,17
1231.0,13,-33,-44,6,30,-37,8,5,-13,-18,13,16
1232.0,13,-32,-44,6,30,-37,7,4,-13,-18,12,15
1233.0,12,-32,-43,6,29,-37,7,4,-12,-18,12,14
1234.0,12,-31,-43,6,29,-36,7,4,-11,-18,11,14
1235.0,12,-30,-43,6,28,-36,6,4,-10,-18,10,12
1236.0,12,-29,-42,6,28,-36,6,4,-9,-18,10,12
1237.0,12,-29,-42,6,28,-36,6,4,-8,-18,9,11
1238.0,11,-28,-41,6,28,-35,5,4,-7,-17,8,11
1239.0,11,-26,-41,6,27,-35,5,4,-6,-17,7,10
1240.0,11,-26,-40,6,27,-34,5,4,-6,-17,7,10
1241.0,11,-25,-40,6,26,-34,4,4,-5,-16,7,9
1242.0,10,-24,-39,6,26,-33,4,4,-5,-16,6,8
1243.0,10,-22,-38,6,25,-32,3,3,-4,-15,5,7
1244.0,10,-22,-37,6,25,-32,3,3,-3,-15,5,7
1245.0,9,-21,-37,6,24,-31,3,3,-3,-14,5,6
1246.0,9,-20,-36,6,24,-31,3,3,-2,-14,4,5
1247.0,8,-20,-35,6,23,-30,3,3,-2,-14,4,5
1248.0,8,-19,-34,5,22,-29,3,3,-1,-13,3,4
1249.0,8,-18,-33,5,22,-28,2,3,-1,-13,3,3
1250.0,7,-17,-32,5,21,-28,2,3,0,-12,2,3
1251.0,6,-15,-30,5,20,-26,2,3,0,-12,1,2
1252.0,6,-15,-30,5,20,-26,2,3,0,-11,1,1
1253.0,5,-14,-29,5,19,-25,2,3,1,-11,1,1
1254.0,4,-13,-27,5,18,-24,2,3,1,-10,0,0
1255.0,4,-12,-26,5,17,-23,2,2,1,-10,0,-1
1256.0,3,-11,-25,4,16,-22,2,2,2,-10,-1,-1
1257.0,3,-11,-24,4,15,-21,2,2,2,-9,-1,-1
1258.0,2,-10,-22,4,14,-20,3,2,2,-9,-1,-2
1259.0,1,-9,-21,4,13,-19,3,2,2,-8,-2,-3
1260.0,0,-9,-20,4,13,-18,3,2,2,-8,-2,-3
1261.0,0,-8,-19,4,12,-17,3,2,2,-8,-2,-4
1262.0,0,-7,-17,4,11,-16,3,2,2,-7,-3,-5
1263.0,-1,-7,-17,4,10,-16,3,2,2,-7,-3,-5
1264.0,-1,-6,-15,4,9,-15,3,2,3,-7,-4,-6
1265.0,-2,-6,-14,4,8,-14,3,2,3,-7,-4,-7
1266.0,-3,-5,-13,4,7,-12,3,2,3,-6,-5,-8
1267.0,-3,-5,-12,4,7,-12,4,2,4,-6,-5,-8
1268.0,-4,-5,-11,4,6,-11,4,2,4,-6,-5,-8
1269.0,-4,-4,-10,4,5,-10,4,2,4,-5,-6,-9
1270.0,-5,-4,-8,4,4,-9,4,2,4,-5,-6,-10
1271.0,-5,-4,-8,4,3,-9,4,2,4,-5,-7,-10
1272.0,-5,-4,-7,4,3,-8,4,2,5,-5,-7,-10
1273.0,-6,-3,-6,4,2,-7,4,2,5,-4,-7,-11
1274.0,-6,-3,-4,4,1,-6,4,2,5,-4,-8,-11
1275.0,-6,-3,-4,4,1,-6,4,2,5,-4,-8,-11
1276.0,-7,-2,-3,4,0,-5,4,2,5,-4,-8,-12
1277.0,-7,-2,-2,4,0,-5,4,2,5,-4,-9,-12
1278.0,-7,-2,-1,4,0,-4,5,2,5,-3,-9,-12
1279.0,-7,-2,-1,4,-1,-4,5,2,5,-3,-9,-12
1280.0,-8,-2,0,4,-1,-3,5,1,5,-3,-9,-13
1281.0,-8,-1,0,4,-2,-2,5,1,5,-3,-10,-13
1282.0,-8,-1,0,4,-2,-2,5,1,5,-3,-10,-13
1283.0,-8,-1,1,4,-3,-2,5,1,5,-3,-10,-13
1284.0,-8,-1,1,4,-3,-1,5,1,5,-3,-10,-13
1285.0,-8,-1,2,4,-4,-1,5,1,5,-2,-11,-14
1286.0,-8,-1,2,4,-4,-1,5,1,5,-2,-11,-14
1287.0,-8,-1,3,4,-4,-1,5,1,5,-2,-11,-14
1288.0,-8,-1,3,4,-5,-1,5,1,5,-2,-11,-14
1289.0,-8,-1,4,4,-5,-1,5,1,6,-2,-11,-14
1290.0,-8,-1,4,4,-5,0,5,2,6,-2,-12,-14
1291.0,-8,-1,4,4,-5,0,5,2,6,-2,-12,-14
1292.0,-8,-1,5,4,-6,0,5,2,6,-2,-12,-14
1293.0,-8,-1,5,4,-6,1,5,2,6,-2,-12,-14
1294.0,-9,-1,5,4,-6,1,5,2,6,-2,-12,-14
1295.0,-9,-1,6,4,-6,1,5,2,6,-1,-12,-15
1296.0,-9,-1,6,4,-7,1,5,2,6,-1,-12,-15
1297.0,-9,-1,6,4,-7,2,5,2,6,-1,-12,-15
1298.0,-9,-1,7,4,-7,2,5,2,6,-1,-12,-15
1299.0,-9,-1,7,4,-7,2,5,2,6,-1,-12,-15
1300.0,-9,-1,7,4,-8,2,5,2,6,-1,-12,-15
1301.0,-9,-1,8,4,-8,2,5,2,6,-1,-13,-15
1302.0,-9,-1,8,4,-8,2,5,2,6,-1,-13,-15
1303.0,-9,-1,8,4,-8,3,5,2,6,-1,-13,-15
1304.0,-9,-1,8,4,-8,3,5,2,6,-1,-13,-15
1305.0,-10,-1,8,4,-8,3,5,2,6,-1,-13,-15
1306.0,-10,-1,8,4,-8,3,5,2,6,-1,-13,-15
1307.0,-10,-1,9,4,-9,3,5,2,7,-1,-13,-15
1308.0,-10,-1,9,4,-9,3,5,2,7,-1,-13,-15
1309.0,-10,-1,9,4,-9,3,5,2,7,0,-13,-15
1310.0,-10,-1,9,4,-9,3,5,2,7,0,-13,-15
1311.0,-10,-1,9,4,-9,4,5,2,7,0,-13,-15
1312.0,-10,-1,9,4,-9,4,5,2,7,0,-13,-15
1313.0,-10,-1,9,4,-9,4,5,2,7,0,-13,-15
1314.0,-10,-1,10,4,-9,4,5,2,7,0,-13,-15
1315.0,-10,-1,10,4,-9,4,5,2,7,0,-13,-15
1316.0,-10,0,10,4,-9,4,5,2,7,0,-13,-15
1317.0,-10,0,10,4,-9,4,5,2,7,0,-13,-15
1318.0,-10,0,10,4,-10,4,5,2,7,0,-13,-15
1319.0,-10,0,10,4,-10,4,5,2,7,0,-13,-15
1320.0,-10,0,10,4,-10,4,5,2,7,0,-13,-15
1321.0,-10,0,10,4,-10,4,5,2,7,0,-13,-15
1322.0,-10,0,10,4,-10,4,5,2,7,0,-13,-15
1323.0,-10,0,10,4,-10,4,5,2,7,0,-13,-15
1324.0,-10,0,10,4,-10,4,5,2,7,0,-13,-15
1325.0,-10,0,10,4,-10,4,5,2,7,0,-13,-15
1326.0,-10,0,10,4,-10,5,5,2,7,0,-13,-15
1327.0,-10,0,10,4,-10,5,5,2,7,0,-13,-15
1328.0,-9,0,11,4,-10,5,5,2,7,0,-13,-15
1329.0,-9,0,11,4,-10,5,5,2,7,0,-13,-15
1330.0,-9,0,11,4,-10,5,5,2,7,0,-13,-15
1331.0,-9,0,11,4,-10,5,4,2,7,0,-13,-15
1332.0,-9,0,11,4,-10,5,4,2,7,0,-13,-15
1333.0,-9,0,11,4,-10,5,4,2,7,0,-13,-15
1334.0,-9,1,11,4,-10,5,4,2,7,0,-13,-15
1335.0,-9,1,11,3,-10,5,4,2,7,0,-13,-15
1336.0,-8,1,11,3,-10,5,4,2,7,0,-13,-15
1337.0,-8,1,11,3,-10,5,4,2,7,0,-13,-15
1338.0,-8,1,11,3,-10,5,4,2,7,0,-13,-15
1339.0,-8,1,11,3,-10,5,4,2,7,0,-13,-15
1340.0,-8,1,11,3,-10,5,4,2,7,0,-13,-15
1341.0,-8,1,11,3,-10,5,4,2,7,0,-13,-15
1342.0,-8,1,11,3,-10,5,4,2,7,0,-13,-15
1343.0,-9,1,11,3,-10,5,4,2,7,0,-13,-15
1344.0,-9,1,11,3,-10,5,4,3,7,0,-13,-15
1345.0,-9,1,11,3,-10,5,4,3,7,0,-13,-15
1346.0,-9,0,11,3,-10,5,4,3,7,0,-13,-15
1347.0,-9,0,11,3,-10,5,4,3,7,0,-13,-15
1348.0,-9,0,11,3,-10,5,4,3,7,0,-13,-15
1349.0,-9,0,11,3,-10,5,4,3,7,0,-13,-15
1350.0,-9,0,11,3,-10,5,4,3,7,0,-13,-15
1351.0,-9,0,11,3,-10,5,4,3,7,0,-13,-15
1352.0,-9,0,11,3,-10,5,4,3,7,0,-13,-15
1353.0,-9,0,11,3,-10,5,4,3,7,0,-13,-15
1354.0,-9,0,11,3,-10,5,4,3,7,0,-13,-15
1355.0,-9,0,11,3,-10,5,5,3,7,0,-13,-15
1356.0,-9,0,11,3,-10,5,5,3,7,0,-13,-15
1357.0,-9,0,11,3,-10,5,5,3,7,0,-13,-15
1358.0,-9,0,11,3,-10,5,5,3,7,0,-13,-15
1359.0,-9,0,11,3,-10,5,5,3,7,0,-13,-15
1360.0,-9,0,11,3,-10,5,4,3,7,0,-13,-15
1361.0,-9,0,11,3,-10,5,4,3,7,0,-13,-15
1362.0,-9,0,11,3,-10,5,4,3,6,0,-13,-15
1363.0,-9,0,11,3,-10,5,4,3,6,0,-13,-15
1364.0,-9,0,11,3,-10,5,4,3,6,0,-13,-15
1365.0,-9,0,11,3,-10,5,4,3,6,0,-13,-15
1366.0,-9,0,11,3,-10,5,4,3,6,0,-13,-15
1367.0,-9,0,11,3,-10,5,4,3,6,0,-13,-15
1368.0,-9,0,11,3,-10,5,4,3,6,0,-13,-15
1369.0,-9,0,11,3,-10,5,4,3,6,0,-13,-15
1370.0,-9,0,10,3,-10,5,4,3,6,0,-13,-15
1371.0,-9,0,10,3,-10,5,4,3,6,0,-13,-15
1372.0,-9,0,10,3,-10,5,4,3,6,0,-13,-15
1373.0,-9,0,10,3,-10,5,4,3,6,0,-13,-15
1374.0,-9,0,10,3,-10,5,4,3,6,0,-13,-15
1375.0,-9,0,10,3,-10,5,4,3,6,0,-13,-15
1376.0,-9,0,10,3,-10,5,4,3,6,0,-13,-15
1377.0,-9,0,10,3,-10,5,4,3,6,0,-13,-15
1378.0,-9,0,10,3,-10,5,4,3,6,0,-13,-15
1379.0,-9,0,10,3,-10,5,4,3,6,0,-13,-15
1380.0,-9,0,10,3,-10,5,4,3,6,0,-13,-15
1381.0,-9,0,10,3,-10,5,4,3,6,0,-13,-15
1382.0,-9,0,10,3,-9,5,4,3,6,0,-13,-15
1383.0,-9,-1,10,3,-9,5,4,3,6,0,-13,-15
1384.0,-9,-1,10,3,-9,4,4,3,6,0,-13,-15
1385.0,-9,-1,10,3,-9,4,4,3,6,0,-13,-15
1386.0,-9,-1,10,4,-9,4,4,3,6,0,-14,-15
1387.0,-9,-1,10,4,-9,4,4,3,6,0,-14,-15
1388.0,-9,-1,10,4,-9,4,5,3,6,0,-14,-15
1389.0,-9,-1,10,4,-9,4,5,3,6,0,-14,-15
1390.0,-9,-1,10,4,-9,4,5,3,6,0,-14,-15
1391.0,-9,-1,10,4,-9,4,5,3,6,0,-14,-15
1392.0,-9,-1,10,4,-9,4,5,3,6,0,-14,-15
1393.0,-9,-1,10,4,-9,4,5,3,7,0,-14,-15
1394.0,-9,-1,10,4,-9,4,5,3,7,0,-14,-15
1395.0,-9,-1,10,4,-9,4,5,3,7,0,-14,-15
1396.0,-9,-1,10,4,-9,4,5,3,7,0,-14,-15
1397.0,-9,-1,10,4,-9,4,5,3,7,0,-14,-15
1398.0,-9,-1,10,4,-9,4,5,3,7,0,-14,-15
1399.0,-9,-1,10,4,-9,4,6,3,7,0,-14,-15
1400.0,-9,-1,10,4,-9,4,6,3,7,0,-14,-15
1401.0,-9,-1,10,4,-9,4,6,3,7,0,-14,-15
1402.0,-9,-1,10,4,-9,4,6,4,8,0,-14,-15
1403.0,-9,-1,10,4,-9,4,6,4,8,0,-14,-15
1404.0,-10,-1,10,4,-9,4,6,4,8,0,-14,-15
1405.0,-10,-1,10,4,-9,4,6,4,8,0,-14,-15
1406.0,-10,-1,10,4,-10,4,6,4,8,0,-14,-15
1407.0,-10,-1,10,4,-10,4,6,4,8,0,-14,-15
1408.0,-10,-1,10,4,-10,4,6,4,8,0,-14,-15
1409.0,-10,-1,10,4,-10,4,6,4,8,0,-14,-15
1410.0,-10,-1,10,4,-10,4,6,4,8,0,-14,-15
1411.0,-10,-1,10,4,-10,4,6,4,8,0,-14,-15
1412.0,-10,-1,10,4,-10,4,6,4,9,0,-14,-15
1413.0,-10,-1,10,4,-10,4,6,4,9,0,-14,-15
1414.0,-10,-1,10,4,-10,4,6,4,9,0,-14,-15
1415.0,-10,-1,10,4,-10,4,6,4,9,0,-14,-15
1416.0,-10,-1,10,4,-10,4,6,4,9,0,-14,-15
1417.0,-10,-1,10,4,-10,4,6,4,9,0,-14,-15
1418.0,-10,-1,10,4,-10,4,6,4,10,0,-14,-15
1419.0,-10,-1,10,4,-10,4,6,4,10,0,-14,-15
1420.0,-10,-1,10,4,-10,4,6,4,10,0,-14,-15
1421.0,-10,0,10,4,-10,4,6,4,10,0,-14,-15
1422.0,-10,0,10,4,-10,4,6,4,10,0,-14,-15
1423.0,-10,0,10,4,-10,4,6,4,10,0,-13,-15
1424.0,-10,0,10,4,-10,4,6,4,10,0,-13,-15
1425.0,-10,-1,10,4,-10,4,6,4,11,0,-13,-16
1426.0,-10,-1,10,4,-10,4,6,4,11,0,-13,-16
1427.0,-10,-1,10,4,-10,4,6,4,11,0,-13,-16
1428.0,-10,-1,10,4,-10,4,6,4,11,0,-13,-16
1429.0,-10,-1,10,4,-10,4,7,4,11,0,-13,-16
1430.0,-10,-1,10,4,-10,4,7,4,12,0,-13,-16
1431.0,-10,-1,10,4,-10,4,7,4,12,0,-13,-16
1432.0,-10,-1,10,4,-10,4,7,4,12,0,-13,-16
1433.0,-10,-1,10,4,-10,4,7,4,12,0,-13,-16
1434.0,-10,-1,10,4,-10,4,7,5,12,1,-13,-16
1435.0,-10,-1,10,4,-10,4,7,5,13,1,-13,-16
1436.0,-10,-1,10,4,-10,4,7,5,13,1,-13,-16
1437.0,-10,-1,10,4,-10,4,7,5,13,1,-13,-16
1438.0,-10,-1,10,4,-10,4,7,5,13,1,-13,-16
1439.0,-10,-1,10,4,-10,4,8,5,13,1,-13,-16
1440.0,-10,-1,10,4,-10,4,8,5,13,1,-13,-16
1441.0,-10,-1,10,4,-10,4,8,5,14,1,-13,-16
1442.0,-10,-1,10,4,-10,4,8,5,14,1,-13,-16
1443.0,-10,-1,10,4,-10,4,8,5,14,1,-13,-16
1444.0,-10,-1,10,4,-10,4,8,5,15,2,-13,-16
1445.0,-10,-1,10,4,-10,4,8,5,15,2,-13,-16
1446.0,-10,0,10,4,-10,4,8,5,15,2,-13,-16
1447.0,-10,0,10,4,-10,4,8,5,16,2,-13,-16
1448.0,-10,0,11,4,-10,4,8,5,16,2,-13,-16
1449.0,-10,0,11,4,-10,5,8,6,16,2,-13,-16
1450.0,-10,0,11,4,-10,5,8,6,17,2,-13,-16
1451.0,-10,0,11,4,-10,5,9,6,17,2,-13,-16
1452.0,-10,0,11,4,-10,5,9,6,17,3,-13,-16
1453.0,-10,0,11,4,-10,5,9,6,17,3,-13,-16
1454.0,-10,0,11,4,-10,5,9,6,17,3,-13,-16
1455.0,-10,0,11,4,-10,5,9,6,18,3,-13,-16
1456.0,-10,0,11,4,-10,5,9,6,18,3,-13,-16
1457.0,-10,0,11,4,-10,5,9,6,18,3,-13,-16
1458.0,-10,0,11,4,-10,5,9,6,18,3,-13,-16
1459.0,-10,0,11,4,-10,5,9,6,18,3,-13,-16
1460.0,-10,0,11,4,-10,5,9,6,19,4,-13,-16
1461.0,-10,0,11,4,-10,5,9,6,19,4,-13,-16
1462.0,-10,0,11,4,-10,5,9,6,19,4,-13,-16
1463.0,-10,0,11,4,-10,5,9,6,19,4,-13,-16
1464.0,-10,0,11,4,-10,5,9,6,19,4,-13,-17
1465.0,-11,0,11,4,-10,5,9,6,19,4,-13,-17
1466.0,-11,0,11,4,-10,5,9,6,20,4,-13,-17
1467.0,-10,0,11,4,-10,5,9,6,20,4,-13,-17
1468.0,-10,0,11,4,-10,5,9,6,20,4,-13,-17
1469.0,-10,0,11,4,-10,5,9,6,20,5,-13,-17
1470.0,-10,0,11,4,-10,5,9,6,20,5,-13,-17
1471.0,-10,0,11,4,-10,5,10,6,20,5,-13,-17
1472.0,-10,0,11,4,-10,5,10,6,20,5,-13,-17
1473.0,-10,0,11,4,-10,5,10,6,20,5,-13,-17
1474.0,-10,0,11,4,-10,5,10,6,20,5,-13,-17
1475.0,-10,0,11,4,-10,5,10,6,21,5,-13,-16
1476.0,-10,0,11,4,-10,5,10,6,21,5,-13,-16
1477.0,-10,0,11,4,-10,5,10,6,21,6,-13,-16
1478.0,-10,0,11,4,-10,5,10,6,21,6,-13,-16
1479.0,-10,0,11,4,-10,5,10,6,21,6,-13,-16
1480.0,-10,0,11,4,-10,5,10,6,21,6,-12,-16
1481.0,-10,0,11,4,-10,5,10,6,21,6,-12,-16
1482.0,-10,1,11,4,-10,5,10,6,21,6,-12,-16
1483.0,-10,1,11,4,-10,5,10,6,21,6,-12,-16
1484.0,-10,1,11,4,-10,5,9,6,21,6,-12,-16
1485.0,-10,1,11,4,-10,5,9,6,21,6,-12,-16
1486.0,-10,0,11,4,-10,5,9,6,20,7,-12,-16
1487.0,-10,0,11,4,-10,5,9,6,20,7,-12,-16
1488.0,-10,0,11,4,-10,5,9,6,20,7,-12,-15
1489.0,-10,0,11,4,-10,5,9,6,20,7,-12,-15
1490.0,-10,0,11,4,-10,5,9,5,20,7,-12,-15
1491.0,-9,1,11,4,-10,5,9,5,20,7,-12,-15
1492.0,-9,1,11,4,-10,5,9,5,20,7,-11,-15
1493.0,-9,1,11,3,-10,5,9,5,19,7,-11,-15
1494.0,-9,1,11,3,-10,5,8,5,19,7,-11,-15
1495.0,-9,1,11,3,-10,5,8,5,19,7,-11,-14
1496.0,-9,1,11,3,-10,5,8,5,19,7,-11,-14
1497.0,-8,1,11,3,-10,5,8,5,19,7,-11,-14
1498.0,-8,1,11,3,-10,5,8,5,19,7,-11,-14
1499.0,-8,1,11,3,-10,5,8,5,18,7,-11,-14
1500.0,-8,2,11,3,-10,5,8,4,18,7,-10,-13
1501.0,-8,2,11,3,-10,5,7,4,18,8,-10,-13
1502.0,-8,2,11,3,-10,5,7,4,18,8,-10,-13
1503.0,-7,2,11,3,-9,5,7,4,17,8,-10,-13
1504.0,-7,2,11,2,-9,5,7,4,17,8,-10,-12
1505.0,-7,2,11,2,-9,5,7,4,17,8,-10,-12
1506.0,-7,2,11,2,-9,5,6,4,16,8,-9,-12
1507.0,-6,2,10,2,-9,5,6,3,16,8,-9,-11
1508.0,-6,3,10,2,-9,5,6,3,16,8,-9,-11
1509.0,-6,3,10,2,-9,6,5,3,15,8,-9,-11
1510.0,-6,3,10,2,-9,6,5,3,15,8,-8,-11
1511.0,-5,3,10,2,-9,6,5,3,14,8,-8,-10
1512.0,-5,3,10,1,-8,6,5,2,14,8,-8,-10
1513.0,-5,3,10,1,-8,6,4,2,14,8,-8,-10
1514.0,-5,3,10,1,-8,6,4,2,13,8,-8,-9
1515.0,-5,4,10,1,-8,6,4,2,13,8,-7,-9
1516.0,-5,4,10,1,-8,6,3,1,12,8,-7,-9
1517.0,-4,4,10,1,-8,6,3,1,12,8,-7,-8
1518.0,-4,4,10,1,-8,6,3,1,12,8,-7,-8
1519.0,-4,4,10,0,-8,6,2,1,11,8,-6,-8
1520.0,-4,4,10,0,-8,6,2,0,11,8,-6,-8
1521.0,-4,4,10,0,-7,6,2,0,10,8,-6,-7
1522.0,-4,4,10,0,-7,6,1,0,10,8,-6,-7
1523.0,-4,4,9,0,-7,6,1,0,10,7,-5,-7
1524.0,-4,4,9,0,-7,6,1,0,9,7,-5,-6
1525.0,-3,4,9,0,-7,6,1,0,9,7,-5,-6
1526.0,-3,4,9,0,-7,6,1,0,8,7,-5,-6
1527.0,-3,4,9,0,-7,6,1,0,8,7,-4,-5
1528.0,-3,4,9,0,-6,5,1,0,8,7,-4,-5
1529.0,-2,4,9,0,-6,5,1,0,7,7,-4,-5
1530.0,-2,4,9,0,-6,5,1,0,7,7,-4,-4
1531.0,-2,4,8,0,-6,5,1,0,7,7,-3,-4
1532.0,-2,4,8,0,-6,5,1,0,6,7,-3,-4
1533.0,-2,4,8,0,-6,5,1,0,6,7,-3,-3
1534.0,-1,4,8,0,-5,5,0,0,6,7,-3,-3
1535.0,-1,4,8,0,-5,5,0,0,5,7,-2,-3
1536.0,-1,4,8,0,-5,5,0,-1,5,6,-2,-3
1537.0,-1,4,7,-1,-5,5,0,-1,5,6,-2,-2
1538.0,-1,4,7,-1,-5,5,0,-1,4,6,-2,-2
1539.0,0,4,7,-1,-5,5,0,-1,4,6,-2,-2
1540.0,0,4,7,-1,-4,5,0,-1,4,6,-1,-2
1541.0,0,4,7,-1,-4,5,0,-1,3,6,-1,-2
1542.0,0,4,7,-1,-4,4,-1,-1,3,6,-1,-2
1543.0,0,3,6,-1,-4,4,-1,-1,3,5,-1,-1
1544.0,0,3,6,-1,-4,4,-1,-1,2,5,-1,-1
1545.0,0,3,6,-1,-4,4,-1,-1,2,5,-1,-1
1546.0,0,3,6,-1,-3,4,-1,-2,2,5,-1,-1
1547.0,0,3,6,-1,-3,4,-1,-2,2,5,-1,-1
1548.0,0,3,5,-1,-3,4,-1,-2,2,5,-1,-1
1549.0,0,3,5,-1,-3,4,-1,-2,2,4,-1,-1
1550.0,0,3,5,-1,-3,4,-1,-2,2,4,-1,-1
1551.0,0,2,5,-1,-3,3,-1,-2,2,4,-1,-1
1552.0,0,2,5,-1,-2,3,-1,-2,2,4,-1,-1
1553.0,0,2,5,-1,-2,3,-1,-2,2,4,-1,-1
1554.0,0,2,4,-1,-2,3,-1,-2,2,4,-1,-1
1555.0,0,2,4,-1,-2,3,-1,-2,1,4,0,-1
1556.0,0,2,4,-1,-2,3,-1,-2,1,3,0,-1
1557.0,0,2,4,-2,-2,3,-1,-2,1,3,0,-1
1558.0,0,2,4,-2,-2,3,-1,-2,1,3,0,0
1559.0,0,2,4,-2,-2,3,-1,-2,1,3,0,0
1560.0,0,2,4,-2,-2,3,-1,-2,1,3,0,0
1561.0,0,2,4,-2,-1,3,-1,-2,0,3,0,0
1562.0,0,2,3,-2,-1,2,-1,-2,0,3,0,0
1563.0,0,2,3,-2,-1,2,-1,-2,0,3,0,0
1564.0,0,2,3,-2,-1,2,-1,-2,0,2,0,0
1565.0,0,2,3,-2,-1,2,-1,-2,0,2,0,0
1566.0,0,2,3,-2,-1,2,-1,-2,0,2,0,0
1567.0,0,2,3,-2,-1,2,-1,-2,0,2,0,0
1568.0,0,2,3,-2,-1,2,-1,-2,0,2,1,0
1569.0,0,2,3,-2,-1,2,-1,-2,-1,2,1,0
1570.0,0,2,3,-2,-1,2,-1,-2,-1,2,1,0
1571.0,0,2,2,-2,-1,2,-1,-2,-1,2,1,0
1572.0,0,1,2,-2,-1,2,-1,-2,-1,2,1,0
1573.0,0,1,2,-1,-1,2,-2,-2,-1,1,1,0
1574.0,0,1,2,-1,0,1,-2,-2,-1,1,1,0
1575.0,0,1,2,-1,0,1,-2,-2,-1,1,1,0
1576.0,1,1,2,-1,0,1,-2,-2,-1,1,1,0
1577.0,1,1,2,-1,0,1,-2,-2,-1,1,1,1
1578.0,1,1,2,-1,0,1,-2,-2,-1,1,1,1
1579.0,1,1,2,-1,0,1,-2,-2,-1,1,1,1
1580.0,1,1,2,-1,0,1,-2,-2,-2,1,1,1
1581.0,1,1,1,-1,0,1,-2,-2,-2,1,1,1
1582.0,1,1,1,-1,0,1,-2,-2,-2,0,1,1
1583.0,1,1,1,-1,0,1,-2,-2,-2,0,1,1
1584.0,1,1,1,-1,0,1,-2,-2,-2,0,1,1
1585.0,1,1,1,-1,0,1,-2,-2,-2,0,1,0
1586.0,1,1,1,-1,0,1,-2,-2,-2,0,1,0
1587.0,1,1,1,-1,0,1,-2,-2,-2,0,1,0
1588.0,1,1,1,-1,0,1,-2,-2,-2,0,1,0
1589.0,1,1,1,-1,0,0,-2,-2,-2,0,1,0
1590.0,1,1,1,-1,0,0,-2,-2,-2,0,1,0
1591.0,1,1,1,-1,0,0,-2,-2,-2,0,1,0
1592.0,1,1,1,-1,0,0,-2,-2,-2,0,1,0
1593.0,1,1,1,-1,0,0,-2,-2,-2,0,1,0
1594.0,1,1,1,-1,0,0,-2,-2,-2,0,1,0
1595.0,1,1,1,-1,0,0,-2,-2,-2,0,1,1
1596.0,1,1,1,-1,0,0,-2,-2,-2,0,1,1
1597.0,1,1,1,-1,0,0,-2,-2,-2,0,1,1
1598.0,1,1,1,-1,0,0,-2,-2,-2,0,1,1
1599.0,1,1,1,-1,0,0,-2,-3,-2,0,1,1
1600.0,1,1,1,-1,0,0,-2,-3,-2,0,1,1
1601.0,1,1,1,-1,0,0,-2,-3,-2,0,1,1
1602.0,1,1,1,-1,0,0,-2,-3,-2,0,1,1
1603.0,1,1,1,-1,0,0,-2,-3,-2,0,1,1
1604.0,1,1,1,-1,0,0,-2,-3,-2,0,1,1
1605.0,1,1,1,-1,0,0,-2,-3,-2,0,1,1
1606.0,1,1,1,-1,0,0,-2,-3,-2,0,1,1
1607.0,1,1,1,-1,0,0,-2,-3,-2,0,1,1
1608.0,1,1,0,-1,0,0,-2,-2,-2,0,1,1
1609.0,1,1,0,-1,0,0,-2,-2,-2,0,1,1
1610.0,1,1,0,-1,0,0,-2,-2,-3,0,1,1
1611.0,1,1,0,-1,0,0,-2,-2,-3,0,1,1
1612.0,1,1,0,-1,0,0,-2,-2,-3,0,1,1
1613.0,1,1,0,-1,0,0,-2,-2,-3,0,1,1
1614.0,1,1,0,-1,0,0,-2,-2,-3,0,1,1
1615.0,1,1,0,-1,0,0,-2,-2,-3,0,1,1
1616.0,1,1,0,-1,0,0,-2,-2,-2,0,1,1
1617.0,1,1,0,-1,0,0,-2,-2,-2,0,1,1
1618.0,1,1,0,-1,0,0,-2,-2,-2,0,1,1
1619.0,1,1,0,-1,0,0,-2,-2,-2,0,1,1
1620.0,1,1,0,-1,0,0,-2,-2,-2,0,1,1
1621.0,1,1,0,-1,0,0,-2,-2,-2,0,1,1
1622.0,1,1,0,-1,0,0,-2,-2,-2,0,1,1
1623.0,1,1,0,-1,0,0,-2,-2,-2,0,1,1
1624.0,1,1,0,-1,0,0,-2,-2,-2,0,1,1
1625.0,1,1,0,-1,0,0,-2,-2,-2,0,1,1
1626.0,1,1,0,-1,0,0,-2,-2,-2,0,1,1
1627.0,1,1,0,-1,0,0,-2,-2,-2,0,1,1
1628.0,1,1,0,-1,0,0,-2,-2,-2,0,1,1
1629.0,1,1,0,-1,0,0,-2,-2,-2,0,1,1
1630.0,1,1,0,-1,0,0,-2,-2,-2,0,1,1
1631.0,1,1,0,-1,0,0,-2,-2,-2,0,1,1
1632.0,1,1,0,-1,0,0,-2,-2,-2,0,1,1
1633.0,1,1,0,-1,0,0,-2,-2,-2,0,1,1
1634.0,1,1,0,-1,0,0,-2,-2,-2,0,1,1
1635.0,1,1,0,-1,0,0,-2,-2,-2,0,1,1
1636.0,1,1,0,-1,0,0,-2,-2,-2,0,1,1
1637.0,1,1,0,-1,0,0,-2,-2,-2,0,1,1
1638.0,1,1,0,-1,0,0,-2,-2,-2,0,1,1
1639.0,1,0,0,-1,0,0,-2,-2,-2,0,1,1
1640.0,1,0,0,-1,0,0,-2,-2,-2,0,1,1
1641.0,1,0,0,-1,0,0,-2,-2,-2,0,1,1
1642.0,1,0,0,-1,0,0,-2,-2,-2,0,1,1
1643.0,1,0,0,-1,0,0,-2,-2,-2,0,1,1
1644.0,1,0,0,-1,0,0,-2,-2,-2,0,1,1
1645.0,1,0,0,-1,0,0,-2,-2,-2,0,1,1
1646.0,1,0,0,-1,0,-1,-2,-2,-2,0,1,1
1647.0,1,0,0,-1,0,-1,-2,-2,-2,0,1,1
1648.0,1,0,0,-1,0,-1,-1,-2,-2,0,1,1
1649.0,1,0,0,-1,0,-1,-1,-2,-2,0,1,1
1650.0,1,0,0,-1,0,-1,-1,-2,-2,0,1,1
1651.0,1,0,0,-1,0,-1,-1,-2,-2,0,1,1
1652.0,1,0,0,-1,0,-1,-1,-2,-2,0,1,1
1653.0,1,0,0,-1,0,-1,-1,-2,-2,0,1,1
1654.0,1,0,0,-1,0,-1,-1,-2,-2,0,1,1
1655.0,1,0,0,-1,0,-1,-2,-2,-2,0,1,1
1656.0,1,1,0,-1,0,-1,-2,-2,-1,0,1,1
1657.0,2,1,0,-1,0,-1,-2,-2,-1,0,1,1
1658.0,2,1,0,-1,0,-1,-2,-2,-1,0,1,1
1659.0,2,1,0,-1,0,0,-2,-2,-1,0,1,1
